Date,Historical,Forecast,Absolute Error,SKU,Channel,Supplier
2023-06-13 00:00:00,79.0,80.0,1.0,AntifungalY,Chain Store,Bayer
2023-06-13 00:00:00,412.0,427.0,15.0,AntifungalY,Online Store,Bayer
2023-06-13 00:00:00,334.0,346.0,12.0,AntifungalY,Retail Store,Bayer
2023-06-13 00:00:00,297.0,298.0,1.0,Bronchosafe,Chain Store,Bayer
2023-06-13 00:00:00,340.0,336.0,4.0,Bronchosafe,Online Store,Bayer
2023-06-13 00:00:00,477.0,482.0,5.0,Bronchosafe,Retail Store,Bayer
2023-06-13 00:00:00,239.0,240.0,1.0,Cancerend,Chain Store,Bayer
2023-06-13 00:00:00,461.0,463.0,2.0,Cancerend,Online Store,Bayer
2023-06-13 00:00:00,891.0,895.0,4.0,Cancerend,Retail Store,Bayer
2023-06-13 00:00:00,141.0,142.0,1.0,Cardioplus,Chain Store,Bayer
2023-06-13 00:00:00,278.0,282.0,4.0,Cardioplus,Online Store,Bayer
2023-06-13 00:00:00,230.0,235.0,5.0,Cardioplus,Retail Store,Bayer
2023-06-13 00:00:00,143.0,145.0,2.0,Cardiox,Chain Store,Bayer
2023-06-13 00:00:00,283.0,288.0,5.0,Cardiox,Online Store,Bayer
2023-06-13 00:00:00,235.0,240.0,5.0,Cardiox,Retail Store,Bayer
2023-06-13 00:00:00,441.0,434.0,7.0,Dermacil,Chain Store,Merck
2023-06-13 00:00:00,381.0,381.0,0.0,Dermacil,Online Store,Merck
2023-06-13 00:00:00,283.0,280.0,3.0,Dermacil,Retail Store,Merck
2023-06-13 00:00:00,450.0,442.0,8.0,Dermaglow,Chain Store,Merck
2023-06-13 00:00:00,381.0,381.0,0.0,Dermaglow,Online Store,Merck
2023-06-13 00:00:00,283.0,280.0,3.0,Dermaglow,Retail Store,Merck
2023-06-13 00:00:00,433.0,434.0,1.0,Diabecheck,Chain Store,Merck
2023-06-13 00:00:00,408.0,408.0,0.0,Diabecheck,Online Store,Merck
2023-06-13 00:00:00,506.0,507.0,1.0,Diabecheck,Retail Store,Merck
2023-06-13 00:00:00,433.0,434.0,1.0,Diabetrol,Chain Store,Merck
2023-06-13 00:00:00,400.0,400.0,0.0,Diabetrol,Online Store,Merck
2023-06-13 00:00:00,506.0,507.0,1.0,Diabetrol,Retail Store,Merck
2023-06-13 00:00:00,79.0,80.0,1.0,Fungistop,Chain Store,Merck
2023-06-13 00:00:00,412.0,427.0,15.0,Fungistop,Online Store,Merck
2023-06-13 00:00:00,328.0,339.0,11.0,Fungistop,Retail Store,Merck
2023-06-13 00:00:00,476.0,481.0,5.0,Hepafix,Chain Store,Merck
2023-06-13 00:00:00,311.0,315.0,4.0,Hepafix,Online Store,Merck
2023-06-13 00:00:00,427.0,438.0,11.0,Hepafix,Retail Store,Merck
2023-06-13 00:00:00,467.0,472.0,5.0,Hepaheal,Chain Store,Pfizer
2023-06-13 00:00:00,304.0,308.0,4.0,Hepaheal,Online Store,Pfizer
2023-06-13 00:00:00,436.0,446.0,10.0,Hepaheal,Retail Store,Pfizer
2023-06-13 00:00:00,297.0,298.0,1.0,Immunoboost,Chain Store,Pfizer
2023-06-13 00:00:00,334.0,329.0,5.0,Immunoboost,Online Store,Pfizer
2023-06-13 00:00:00,468.0,472.0,4.0,Immunoboost,Retail Store,Pfizer
2023-06-13 00:00:00,297.0,298.0,1.0,Immunomax,Chain Store,Pfizer
2023-06-13 00:00:00,334.0,329.0,5.0,Immunomax,Online Store,Pfizer
2023-06-13 00:00:00,477.0,482.0,5.0,Immunomax,Retail Store,Pfizer
2023-06-13 00:00:00,235.0,235.0,0.0,Neurofix,Chain Store,Pfizer
2023-06-13 00:00:00,452.0,454.0,2.0,Neurofix,Online Store,Pfizer
2023-06-13 00:00:00,891.0,895.0,4.0,Neurofix,Retail Store,Pfizer
2023-06-13 00:00:00,435.0,431.0,4.0,Osteofix,Chain Store,Pfizer
2023-06-13 00:00:00,256.0,252.0,4.0,Osteofix,Online Store,Pfizer
2023-06-13 00:00:00,342.0,337.0,5.0,Osteofix,Retail Store,Pfizer
2023-06-13 00:00:00,426.0,423.0,3.0,Osteogrow,Chain Store,Pfizer
2023-06-13 00:00:00,251.0,247.0,4.0,Osteogrow,Online Store,Pfizer
2023-06-13 00:00:00,335.0,330.0,5.0,Osteogrow,Retail Store,Pfizer
2023-06-13 00:00:00,141.0,142.0,1.0,Paingelix,Chain Store,Bayer
2023-06-13 00:00:00,283.0,288.0,5.0,Paingelix,Online Store,Bayer
2023-06-13 00:00:00,235.0,240.0,5.0,Paingelix,Retail Store,Bayer
2023-06-13 00:00:00,235.0,235.0,0.0,Thyrocare,Chain Store,Pfizer
2023-06-13 00:00:00,461.0,463.0,2.0,Thyrocare,Online Store,Pfizer
2023-06-13 00:00:00,874.0,877.0,3.0,Thyrocare,Retail Store,Pfizer
2023-06-13 00:00:00,291.0,292.0,1.0,Virustop,Chain Store,Merck
2023-06-13 00:00:00,334.0,329.0,5.0,Virustop,Online Store,Merck
2023-06-13 00:00:00,477.0,482.0,5.0,Virustop,Retail Store,Merck
2023-06-20 00:00:00,77.0,82.0,5.0,AntifungalY,Chain Store,Bayer
2023-06-20 00:00:00,405.0,445.0,40.0,AntifungalY,Online Store,Bayer
2023-06-20 00:00:00,329.0,360.0,31.0,AntifungalY,Retail Store,Bayer
2023-06-20 00:00:00,282.0,298.0,16.0,Bronchosafe,Chain Store,Bayer
2023-06-20 00:00:00,318.0,335.0,17.0,Bronchosafe,Online Store,Bayer
2023-06-20 00:00:00,456.0,484.0,28.0,Bronchosafe,Retail Store,Bayer
2023-06-20 00:00:00,233.0,237.0,4.0,Cancerend,Chain Store,Bayer
2023-06-20 00:00:00,440.0,448.0,8.0,Cancerend,Online Store,Bayer
2023-06-20 00:00:00,849.0,865.0,16.0,Cancerend,Retail Store,Bayer
2023-06-20 00:00:00,130.0,136.0,6.0,Cardioplus,Chain Store,Bayer
2023-06-20 00:00:00,258.0,275.0,17.0,Cardioplus,Online Store,Bayer
2023-06-20 00:00:00,218.0,232.0,14.0,Cardioplus,Retail Store,Bayer
2023-06-20 00:00:00,132.0,139.0,7.0,Cardiox,Chain Store,Bayer
2023-06-20 00:00:00,263.0,281.0,18.0,Cardiox,Online Store,Bayer
2023-06-20 00:00:00,222.0,237.0,15.0,Cardiox,Retail Store,Bayer
2023-06-20 00:00:00,419.0,434.0,15.0,Dermacil,Chain Store,Merck
2023-06-20 00:00:00,364.0,377.0,13.0,Dermacil,Online Store,Merck
2023-06-20 00:00:00,270.0,279.0,9.0,Dermacil,Retail Store,Merck
2023-06-20 00:00:00,428.0,442.0,14.0,Dermaglow,Chain Store,Merck
2023-06-20 00:00:00,364.0,377.0,13.0,Dermaglow,Online Store,Merck
2023-06-20 00:00:00,270.0,279.0,9.0,Dermaglow,Retail Store,Merck
2023-06-20 00:00:00,411.0,427.0,16.0,Diabecheck,Chain Store,Merck
2023-06-20 00:00:00,388.0,401.0,13.0,Diabecheck,Online Store,Merck
2023-06-20 00:00:00,482.0,498.0,16.0,Diabecheck,Retail Store,Merck
2023-06-20 00:00:00,411.0,427.0,16.0,Diabetrol,Chain Store,Merck
2023-06-20 00:00:00,380.0,394.0,14.0,Diabetrol,Online Store,Merck
2023-06-20 00:00:00,482.0,498.0,16.0,Diabetrol,Retail Store,Merck
2023-06-20 00:00:00,77.0,82.0,5.0,Fungistop,Chain Store,Merck
2023-06-20 00:00:00,405.0,445.0,40.0,Fungistop,Online Store,Merck
2023-06-20 00:00:00,322.0,353.0,31.0,Fungistop,Retail Store,Merck
2023-06-20 00:00:00,456.0,476.0,20.0,Hepafix,Chain Store,Merck
2023-06-20 00:00:00,299.0,313.0,14.0,Hepafix,Online Store,Merck
2023-06-20 00:00:00,413.0,440.0,27.0,Hepafix,Retail Store,Merck
2023-06-20 00:00:00,447.0,466.0,19.0,Hepaheal,Chain Store,Pfizer
2023-06-20 00:00:00,292.0,306.0,14.0,Hepaheal,Online Store,Pfizer
2023-06-20 00:00:00,422.0,448.0,26.0,Hepaheal,Retail Store,Pfizer
2023-06-20 00:00:00,282.0,298.0,16.0,Immunoboost,Chain Store,Pfizer
2023-06-20 00:00:00,312.0,328.0,16.0,Immunoboost,Online Store,Pfizer
2023-06-20 00:00:00,447.0,475.0,28.0,Immunoboost,Retail Store,Pfizer
2023-06-20 00:00:00,282.0,298.0,16.0,Immunomax,Chain Store,Pfizer
2023-06-20 00:00:00,312.0,328.0,16.0,Immunomax,Online Store,Pfizer
2023-06-20 00:00:00,456.0,484.0,28.0,Immunomax,Retail Store,Pfizer
2023-06-20 00:00:00,229.0,232.0,3.0,Neurofix,Chain Store,Pfizer
2023-06-20 00:00:00,431.0,439.0,8.0,Neurofix,Online Store,Pfizer
2023-06-20 00:00:00,849.0,865.0,16.0,Neurofix,Retail Store,Pfizer
2023-06-20 00:00:00,407.0,428.0,21.0,Osteofix,Chain Store,Pfizer
2023-06-20 00:00:00,238.0,249.0,11.0,Osteofix,Online Store,Pfizer
2023-06-20 00:00:00,318.0,333.0,15.0,Osteofix,Retail Store,Pfizer
2023-06-20 00:00:00,400.0,419.0,19.0,Osteogrow,Chain Store,Pfizer
2023-06-20 00:00:00,234.0,244.0,10.0,Osteogrow,Online Store,Pfizer
2023-06-20 00:00:00,312.0,326.0,14.0,Osteogrow,Retail Store,Pfizer
2023-06-20 00:00:00,130.0,136.0,6.0,Paingelix,Chain Store,Bayer
2023-06-20 00:00:00,263.0,281.0,18.0,Paingelix,Online Store,Bayer
2023-06-20 00:00:00,222.0,237.0,15.0,Paingelix,Retail Store,Bayer
2023-06-20 00:00:00,229.0,232.0,3.0,Thyrocare,Chain Store,Pfizer
2023-06-20 00:00:00,440.0,448.0,8.0,Thyrocare,Online Store,Pfizer
2023-06-20 00:00:00,833.0,848.0,15.0,Thyrocare,Retail Store,Pfizer
2023-06-20 00:00:00,276.0,292.0,16.0,Virustop,Chain Store,Merck
2023-06-20 00:00:00,312.0,328.0,16.0,Virustop,Online Store,Merck
2023-06-20 00:00:00,456.0,484.0,28.0,Virustop,Retail Store,Merck
2023-06-27 00:00:00,81.0,82.0,1.0,AntifungalY,Chain Store,Bayer
2023-06-27 00:00:00,432.0,445.0,13.0,AntifungalY,Online Store,Bayer
2023-06-27 00:00:00,350.0,360.0,10.0,AntifungalY,Retail Store,Bayer
2023-06-27 00:00:00,287.0,289.0,2.0,Bronchosafe,Chain Store,Bayer
2023-06-27 00:00:00,330.0,323.0,7.0,Bronchosafe,Online Store,Bayer
2023-06-27 00:00:00,484.0,478.0,6.0,Bronchosafe,Retail Store,Bayer
2023-06-27 00:00:00,233.0,236.0,3.0,Cancerend,Chain Store,Bayer
2023-06-27 00:00:00,437.0,442.0,5.0,Cancerend,Online Store,Bayer
2023-06-27 00:00:00,843.0,856.0,13.0,Cancerend,Retail Store,Bayer
2023-06-27 00:00:00,128.0,131.0,3.0,Cardioplus,Chain Store,Bayer
2023-06-27 00:00:00,256.0,260.0,4.0,Cardioplus,Online Store,Bayer
2023-06-27 00:00:00,216.0,220.0,4.0,Cardioplus,Retail Store,Bayer
2023-06-27 00:00:00,130.0,133.0,3.0,Cardiox,Chain Store,Bayer
2023-06-27 00:00:00,261.0,265.0,4.0,Cardiox,Online Store,Bayer
2023-06-27 00:00:00,220.0,225.0,5.0,Cardiox,Retail Store,Bayer
2023-06-27 00:00:00,440.0,435.0,5.0,Dermacil,Chain Store,Merck
2023-06-27 00:00:00,376.0,383.0,7.0,Dermacil,Online Store,Merck
2023-06-27 00:00:00,281.0,281.0,0.0,Dermacil,Retail Store,Merck
2023-06-27 00:00:00,450.0,443.0,7.0,Dermaglow,Chain Store,Merck
2023-06-27 00:00:00,376.0,383.0,7.0,Dermaglow,Online Store,Merck
2023-06-27 00:00:00,281.0,281.0,0.0,Dermaglow,Retail Store,Merck
2023-06-27 00:00:00,399.0,415.0,16.0,Diabecheck,Chain Store,Merck
2023-06-27 00:00:00,376.0,390.0,14.0,Diabecheck,Online Store,Merck
2023-06-27 00:00:00,467.0,484.0,17.0,Diabecheck,Retail Store,Merck
2023-06-27 00:00:00,399.0,415.0,16.0,Diabetrol,Chain Store,Merck
2023-06-27 00:00:00,368.0,382.0,14.0,Diabetrol,Online Store,Merck
2023-06-27 00:00:00,467.0,484.0,17.0,Diabetrol,Retail Store,Merck
2023-06-27 00:00:00,81.0,82.0,1.0,Fungistop,Chain Store,Merck
2023-06-27 00:00:00,432.0,445.0,13.0,Fungistop,Online Store,Merck
2023-06-27 00:00:00,343.0,352.0,9.0,Fungistop,Retail Store,Merck
2023-06-27 00:00:00,453.0,453.0,0.0,Hepafix,Chain Store,Merck
2023-06-27 00:00:00,298.0,296.0,2.0,Hepafix,Online Store,Merck
2023-06-27 00:00:00,413.0,415.0,2.0,Hepafix,Retail Store,Merck
2023-06-27 00:00:00,445.0,444.0,1.0,Hepaheal,Chain Store,Pfizer
2023-06-27 00:00:00,291.0,291.0,0.0,Hepaheal,Online Store,Pfizer
2023-06-27 00:00:00,422.0,424.0,2.0,Hepaheal,Retail Store,Pfizer
2023-06-27 00:00:00,287.0,289.0,2.0,Immunoboost,Chain Store,Pfizer
2023-06-27 00:00:00,324.0,317.0,7.0,Immunoboost,Online Store,Pfizer
2023-06-27 00:00:00,474.0,469.0,5.0,Immunoboost,Retail Store,Pfizer
2023-06-27 00:00:00,287.0,289.0,2.0,Immunomax,Chain Store,Pfizer
2023-06-27 00:00:00,324.0,317.0,7.0,Immunomax,Online Store,Pfizer
2023-06-27 00:00:00,484.0,478.0,6.0,Immunomax,Retail Store,Pfizer
2023-06-27 00:00:00,228.0,231.0,3.0,Neurofix,Chain Store,Pfizer
2023-06-27 00:00:00,428.0,433.0,5.0,Neurofix,Online Store,Pfizer
2023-06-27 00:00:00,843.0,856.0,13.0,Neurofix,Retail Store,Pfizer
2023-06-27 00:00:00,411.0,418.0,7.0,Osteofix,Chain Store,Pfizer
2023-06-27 00:00:00,238.0,243.0,5.0,Osteofix,Online Store,Pfizer
2023-06-27 00:00:00,317.0,324.0,7.0,Osteofix,Retail Store,Pfizer
2023-06-27 00:00:00,403.0,409.0,6.0,Osteogrow,Chain Store,Pfizer
2023-06-27 00:00:00,234.0,238.0,4.0,Osteogrow,Online Store,Pfizer
2023-06-27 00:00:00,310.0,318.0,8.0,Osteogrow,Retail Store,Pfizer
2023-06-27 00:00:00,128.0,131.0,3.0,Paingelix,Chain Store,Bayer
2023-06-27 00:00:00,261.0,265.0,4.0,Paingelix,Online Store,Bayer
2023-06-27 00:00:00,220.0,225.0,5.0,Paingelix,Retail Store,Bayer
2023-06-27 00:00:00,228.0,231.0,3.0,Thyrocare,Chain Store,Pfizer
2023-06-27 00:00:00,437.0,442.0,5.0,Thyrocare,Online Store,Pfizer
2023-06-27 00:00:00,827.0,840.0,13.0,Thyrocare,Retail Store,Pfizer
2023-06-27 00:00:00,281.0,284.0,3.0,Virustop,Chain Store,Merck
2023-06-27 00:00:00,324.0,317.0,7.0,Virustop,Online Store,Merck
2023-06-27 00:00:00,484.0,478.0,6.0,Virustop,Retail Store,Merck
2023-07-04 00:00:00,87.0,90.0,3.0,AntifungalY,Chain Store,Bayer
2023-07-04 00:00:00,485.0,504.0,19.0,AntifungalY,Online Store,Bayer
2023-07-04 00:00:00,392.0,407.0,15.0,AntifungalY,Retail Store,Bayer
2023-07-04 00:00:00,309.0,327.0,18.0,Bronchosafe,Chain Store,Bayer
2023-07-04 00:00:00,357.0,383.0,26.0,Bronchosafe,Online Store,Bayer
2023-07-04 00:00:00,525.0,563.0,38.0,Bronchosafe,Retail Store,Bayer
2023-07-04 00:00:00,242.0,258.0,16.0,Cancerend,Chain Store,Bayer
2023-07-04 00:00:00,455.0,483.0,28.0,Cancerend,Online Store,Bayer
2023-07-04 00:00:00,884.0,943.0,59.0,Cancerend,Retail Store,Bayer
2023-07-04 00:00:00,139.0,145.0,6.0,Cardioplus,Chain Store,Bayer
2023-07-04 00:00:00,279.0,290.0,11.0,Cardioplus,Online Store,Bayer
2023-07-04 00:00:00,232.0,242.0,10.0,Cardioplus,Retail Store,Bayer
2023-07-04 00:00:00,142.0,147.0,5.0,Cardiox,Chain Store,Bayer
2023-07-04 00:00:00,285.0,296.0,11.0,Cardiox,Online Store,Bayer
2023-07-04 00:00:00,237.0,247.0,10.0,Cardiox,Retail Store,Bayer
2023-07-04 00:00:00,473.0,493.0,20.0,Dermacil,Chain Store,Merck
2023-07-04 00:00:00,404.0,435.0,31.0,Dermacil,Online Store,Merck
2023-07-04 00:00:00,302.0,319.0,17.0,Dermacil,Retail Store,Merck
2023-07-04 00:00:00,483.0,502.0,19.0,Dermaglow,Chain Store,Merck
2023-07-04 00:00:00,404.0,435.0,31.0,Dermaglow,Online Store,Merck
2023-07-04 00:00:00,302.0,319.0,17.0,Dermaglow,Retail Store,Merck
2023-07-04 00:00:00,422.0,433.0,11.0,Diabecheck,Chain Store,Merck
2023-07-04 00:00:00,398.0,407.0,9.0,Diabecheck,Online Store,Merck
2023-07-04 00:00:00,493.0,506.0,13.0,Diabecheck,Retail Store,Merck
2023-07-04 00:00:00,422.0,433.0,11.0,Diabetrol,Chain Store,Merck
2023-07-04 00:00:00,389.0,399.0,10.0,Diabetrol,Online Store,Merck
2023-07-04 00:00:00,493.0,506.0,13.0,Diabetrol,Retail Store,Merck
2023-07-04 00:00:00,87.0,90.0,3.0,Fungistop,Chain Store,Merck
2023-07-04 00:00:00,485.0,504.0,19.0,Fungistop,Online Store,Merck
2023-07-04 00:00:00,384.0,398.0,14.0,Fungistop,Retail Store,Merck
2023-07-04 00:00:00,478.0,498.0,20.0,Hepafix,Chain Store,Merck
2023-07-04 00:00:00,314.0,328.0,14.0,Hepafix,Online Store,Merck
2023-07-04 00:00:00,442.0,464.0,22.0,Hepafix,Retail Store,Merck
2023-07-04 00:00:00,468.0,489.0,21.0,Hepaheal,Chain Store,Pfizer
2023-07-04 00:00:00,307.0,321.0,14.0,Hepaheal,Online Store,Pfizer
2023-07-04 00:00:00,452.0,473.0,21.0,Hepaheal,Retail Store,Pfizer
2023-07-04 00:00:00,309.0,327.0,18.0,Immunoboost,Chain Store,Pfizer
2023-07-04 00:00:00,351.0,376.0,25.0,Immunoboost,Online Store,Pfizer
2023-07-04 00:00:00,514.0,552.0,38.0,Immunoboost,Retail Store,Pfizer
2023-07-04 00:00:00,309.0,327.0,18.0,Immunomax,Chain Store,Pfizer
2023-07-04 00:00:00,351.0,376.0,25.0,Immunomax,Online Store,Pfizer
2023-07-04 00:00:00,525.0,563.0,38.0,Immunomax,Retail Store,Pfizer
2023-07-04 00:00:00,237.0,252.0,15.0,Neurofix,Chain Store,Pfizer
2023-07-04 00:00:00,446.0,474.0,28.0,Neurofix,Online Store,Pfizer
2023-07-04 00:00:00,884.0,943.0,59.0,Neurofix,Retail Store,Pfizer
2023-07-04 00:00:00,440.0,450.0,10.0,Osteofix,Chain Store,Pfizer
2023-07-04 00:00:00,258.0,262.0,4.0,Osteofix,Online Store,Pfizer
2023-07-04 00:00:00,344.0,349.0,5.0,Osteofix,Retail Store,Pfizer
2023-07-04 00:00:00,431.0,441.0,10.0,Osteogrow,Chain Store,Pfizer
2023-07-04 00:00:00,253.0,257.0,4.0,Osteogrow,Online Store,Pfizer
2023-07-04 00:00:00,338.0,343.0,5.0,Osteogrow,Retail Store,Pfizer
2023-07-04 00:00:00,139.0,145.0,6.0,Paingelix,Chain Store,Bayer
2023-07-04 00:00:00,285.0,296.0,11.0,Paingelix,Online Store,Bayer
2023-07-04 00:00:00,237.0,247.0,10.0,Paingelix,Retail Store,Bayer
2023-07-04 00:00:00,237.0,252.0,15.0,Thyrocare,Chain Store,Pfizer
2023-07-04 00:00:00,455.0,483.0,28.0,Thyrocare,Online Store,Pfizer
2023-07-04 00:00:00,867.0,924.0,57.0,Thyrocare,Retail Store,Pfizer
2023-07-04 00:00:00,302.0,321.0,19.0,Virustop,Chain Store,Merck
2023-07-04 00:00:00,351.0,376.0,25.0,Virustop,Online Store,Merck
2023-07-04 00:00:00,525.0,563.0,38.0,Virustop,Retail Store,Merck
2023-07-11 00:00:00,78.0,80.0,2.0,AntifungalY,Chain Store,Bayer
2023-07-11 00:00:00,432.0,435.0,3.0,AntifungalY,Online Store,Bayer
2023-07-11 00:00:00,349.0,352.0,3.0,AntifungalY,Retail Store,Bayer
2023-07-11 00:00:00,281.0,290.0,9.0,Bronchosafe,Chain Store,Bayer
2023-07-11 00:00:00,321.0,326.0,5.0,Bronchosafe,Online Store,Bayer
2023-07-11 00:00:00,465.0,471.0,6.0,Bronchosafe,Retail Store,Bayer
2023-07-11 00:00:00,224.0,232.0,8.0,Cancerend,Chain Store,Bayer
2023-07-11 00:00:00,424.0,435.0,11.0,Cancerend,Online Store,Bayer
2023-07-11 00:00:00,823.0,844.0,21.0,Cancerend,Retail Store,Bayer
2023-07-11 00:00:00,130.0,138.0,8.0,Cardioplus,Chain Store,Bayer
2023-07-11 00:00:00,260.0,274.0,14.0,Cardioplus,Online Store,Bayer
2023-07-11 00:00:00,213.0,226.0,13.0,Cardioplus,Retail Store,Bayer
2023-07-11 00:00:00,133.0,141.0,8.0,Cardiox,Chain Store,Bayer
2023-07-11 00:00:00,265.0,279.0,14.0,Cardiox,Online Store,Bayer
2023-07-11 00:00:00,219.0,231.0,12.0,Cardiox,Retail Store,Bayer
2023-07-11 00:00:00,423.0,425.0,2.0,Dermacil,Chain Store,Merck
2023-07-11 00:00:00,354.0,370.0,16.0,Dermacil,Online Store,Merck
2023-07-11 00:00:00,268.0,273.0,5.0,Dermacil,Retail Store,Merck
2023-07-11 00:00:00,432.0,433.0,1.0,Dermaglow,Chain Store,Merck
2023-07-11 00:00:00,354.0,370.0,16.0,Dermaglow,Online Store,Merck
2023-07-11 00:00:00,268.0,273.0,5.0,Dermaglow,Retail Store,Merck
2023-07-11 00:00:00,398.0,410.0,12.0,Diabecheck,Chain Store,Merck
2023-07-11 00:00:00,376.0,384.0,8.0,Diabecheck,Online Store,Merck
2023-07-11 00:00:00,466.0,478.0,12.0,Diabecheck,Retail Store,Merck
2023-07-11 00:00:00,398.0,410.0,12.0,Diabetrol,Chain Store,Merck
2023-07-11 00:00:00,368.0,377.0,9.0,Diabetrol,Online Store,Merck
2023-07-11 00:00:00,466.0,478.0,12.0,Diabetrol,Retail Store,Merck
2023-07-11 00:00:00,78.0,80.0,2.0,Fungistop,Chain Store,Merck
2023-07-11 00:00:00,432.0,435.0,3.0,Fungistop,Online Store,Merck
2023-07-11 00:00:00,342.0,345.0,3.0,Fungistop,Retail Store,Merck
2023-07-11 00:00:00,437.0,448.0,11.0,Hepafix,Chain Store,Merck
2023-07-11 00:00:00,287.0,292.0,5.0,Hepafix,Online Store,Merck
2023-07-11 00:00:00,400.0,404.0,4.0,Hepafix,Retail Store,Merck
2023-07-11 00:00:00,428.0,439.0,11.0,Hepaheal,Chain Store,Pfizer
2023-07-11 00:00:00,280.0,287.0,7.0,Hepaheal,Online Store,Pfizer
2023-07-11 00:00:00,409.0,412.0,3.0,Hepaheal,Retail Store,Pfizer
2023-07-11 00:00:00,281.0,290.0,9.0,Immunoboost,Chain Store,Pfizer
2023-07-11 00:00:00,315.0,320.0,5.0,Immunoboost,Online Store,Pfizer
2023-07-11 00:00:00,456.0,462.0,6.0,Immunoboost,Retail Store,Pfizer
2023-07-11 00:00:00,281.0,290.0,9.0,Immunomax,Chain Store,Pfizer
2023-07-11 00:00:00,315.0,320.0,5.0,Immunomax,Online Store,Pfizer
2023-07-11 00:00:00,465.0,471.0,6.0,Immunomax,Retail Store,Pfizer
2023-07-11 00:00:00,220.0,228.0,8.0,Neurofix,Chain Store,Pfizer
2023-07-11 00:00:00,415.0,427.0,12.0,Neurofix,Online Store,Pfizer
2023-07-11 00:00:00,823.0,844.0,21.0,Neurofix,Retail Store,Pfizer
2023-07-11 00:00:00,407.0,418.0,11.0,Osteofix,Chain Store,Pfizer
2023-07-11 00:00:00,241.0,245.0,4.0,Osteofix,Online Store,Pfizer
2023-07-11 00:00:00,322.0,328.0,6.0,Osteofix,Retail Store,Pfizer
2023-07-11 00:00:00,399.0,409.0,10.0,Osteogrow,Chain Store,Pfizer
2023-07-11 00:00:00,235.0,240.0,5.0,Osteogrow,Online Store,Pfizer
2023-07-11 00:00:00,315.0,321.0,6.0,Osteogrow,Retail Store,Pfizer
2023-07-11 00:00:00,130.0,138.0,8.0,Paingelix,Chain Store,Bayer
2023-07-11 00:00:00,265.0,279.0,14.0,Paingelix,Online Store,Bayer
2023-07-11 00:00:00,219.0,231.0,12.0,Paingelix,Retail Store,Bayer
2023-07-11 00:00:00,220.0,228.0,8.0,Thyrocare,Chain Store,Pfizer
2023-07-11 00:00:00,424.0,435.0,11.0,Thyrocare,Online Store,Pfizer
2023-07-11 00:00:00,808.0,828.0,20.0,Thyrocare,Retail Store,Pfizer
2023-07-11 00:00:00,276.0,284.0,8.0,Virustop,Chain Store,Merck
2023-07-11 00:00:00,315.0,320.0,5.0,Virustop,Online Store,Merck
2023-07-11 00:00:00,465.0,471.0,6.0,Virustop,Retail Store,Merck
2023-07-18 00:00:00,75.0,80.0,5.0,AntifungalY,Chain Store,Bayer
2023-07-18 00:00:00,397.0,433.0,36.0,AntifungalY,Online Store,Bayer
2023-07-18 00:00:00,322.0,350.0,28.0,AntifungalY,Retail Store,Bayer
2023-07-18 00:00:00,277.0,291.0,14.0,Bronchosafe,Chain Store,Bayer
2023-07-18 00:00:00,309.0,322.0,13.0,Bronchosafe,Online Store,Bayer
2023-07-18 00:00:00,441.0,467.0,26.0,Bronchosafe,Retail Store,Bayer
2023-07-18 00:00:00,229.0,230.0,1.0,Cancerend,Chain Store,Bayer
2023-07-18 00:00:00,430.0,438.0,8.0,Cancerend,Online Store,Bayer
2023-07-18 00:00:00,830.0,845.0,15.0,Cancerend,Retail Store,Bayer
2023-07-18 00:00:00,127.0,128.0,1.0,Cardioplus,Chain Store,Bayer
2023-07-18 00:00:00,253.0,255.0,2.0,Cardioplus,Online Store,Bayer
2023-07-18 00:00:00,210.0,214.0,4.0,Cardioplus,Retail Store,Bayer
2023-07-18 00:00:00,129.0,131.0,2.0,Cardiox,Chain Store,Bayer
2023-07-18 00:00:00,258.0,260.0,2.0,Cardiox,Online Store,Bayer
2023-07-18 00:00:00,214.0,218.0,4.0,Cardiox,Retail Store,Bayer
2023-07-18 00:00:00,421.0,422.0,1.0,Dermacil,Chain Store,Merck
2023-07-18 00:00:00,350.0,366.0,16.0,Dermacil,Online Store,Merck
2023-07-18 00:00:00,267.0,271.0,4.0,Dermacil,Retail Store,Merck
2023-07-18 00:00:00,431.0,430.0,1.0,Dermaglow,Chain Store,Merck
2023-07-18 00:00:00,350.0,366.0,16.0,Dermaglow,Online Store,Merck
2023-07-18 00:00:00,267.0,271.0,4.0,Dermaglow,Retail Store,Merck
2023-07-18 00:00:00,413.0,423.0,10.0,Diabecheck,Chain Store,Merck
2023-07-18 00:00:00,389.0,397.0,8.0,Diabecheck,Online Store,Merck
2023-07-18 00:00:00,483.0,494.0,11.0,Diabecheck,Retail Store,Merck
2023-07-18 00:00:00,413.0,423.0,10.0,Diabetrol,Chain Store,Merck
2023-07-18 00:00:00,381.0,390.0,9.0,Diabetrol,Online Store,Merck
2023-07-18 00:00:00,483.0,494.0,11.0,Diabetrol,Retail Store,Merck
2023-07-18 00:00:00,75.0,80.0,5.0,Fungistop,Chain Store,Merck
2023-07-18 00:00:00,397.0,433.0,36.0,Fungistop,Online Store,Merck
2023-07-18 00:00:00,316.0,344.0,28.0,Fungistop,Retail Store,Merck
2023-07-18 00:00:00,437.0,443.0,6.0,Hepafix,Chain Store,Merck
2023-07-18 00:00:00,286.0,289.0,3.0,Hepafix,Online Store,Merck
2023-07-18 00:00:00,395.0,401.0,6.0,Hepafix,Retail Store,Merck
2023-07-18 00:00:00,430.0,434.0,4.0,Hepaheal,Chain Store,Pfizer
2023-07-18 00:00:00,280.0,284.0,4.0,Hepaheal,Online Store,Pfizer
2023-07-18 00:00:00,403.0,409.0,6.0,Hepaheal,Retail Store,Pfizer
2023-07-18 00:00:00,277.0,291.0,14.0,Immunoboost,Chain Store,Pfizer
2023-07-18 00:00:00,304.0,316.0,12.0,Immunoboost,Online Store,Pfizer
2023-07-18 00:00:00,432.0,457.0,25.0,Immunoboost,Retail Store,Pfizer
2023-07-18 00:00:00,277.0,291.0,14.0,Immunomax,Chain Store,Pfizer
2023-07-18 00:00:00,304.0,316.0,12.0,Immunomax,Online Store,Pfizer
2023-07-18 00:00:00,441.0,467.0,26.0,Immunomax,Retail Store,Pfizer
2023-07-18 00:00:00,225.0,225.0,0.0,Neurofix,Chain Store,Pfizer
2023-07-18 00:00:00,422.0,430.0,8.0,Neurofix,Online Store,Pfizer
2023-07-18 00:00:00,830.0,845.0,15.0,Neurofix,Retail Store,Pfizer
2023-07-18 00:00:00,411.0,416.0,5.0,Osteofix,Chain Store,Pfizer
2023-07-18 00:00:00,240.0,242.0,2.0,Osteofix,Online Store,Pfizer
2023-07-18 00:00:00,321.0,323.0,2.0,Osteofix,Retail Store,Pfizer
2023-07-18 00:00:00,403.0,408.0,5.0,Osteogrow,Chain Store,Pfizer
2023-07-18 00:00:00,235.0,238.0,3.0,Osteogrow,Online Store,Pfizer
2023-07-18 00:00:00,314.0,317.0,3.0,Osteogrow,Retail Store,Pfizer
2023-07-18 00:00:00,127.0,128.0,1.0,Paingelix,Chain Store,Bayer
2023-07-18 00:00:00,258.0,260.0,2.0,Paingelix,Online Store,Bayer
2023-07-18 00:00:00,214.0,218.0,4.0,Paingelix,Retail Store,Bayer
2023-07-18 00:00:00,225.0,225.0,0.0,Thyrocare,Chain Store,Pfizer
2023-07-18 00:00:00,430.0,438.0,8.0,Thyrocare,Online Store,Pfizer
2023-07-18 00:00:00,814.0,829.0,15.0,Thyrocare,Retail Store,Pfizer
2023-07-18 00:00:00,272.0,285.0,13.0,Virustop,Chain Store,Merck
2023-07-18 00:00:00,304.0,316.0,12.0,Virustop,Online Store,Merck
2023-07-18 00:00:00,441.0,467.0,26.0,Virustop,Retail Store,Merck
2023-07-25 00:00:00,75.0,76.0,1.0,AntifungalY,Chain Store,Bayer
2023-07-25 00:00:00,407.0,408.0,1.0,AntifungalY,Online Store,Bayer
2023-07-25 00:00:00,329.0,330.0,1.0,AntifungalY,Retail Store,Bayer
2023-07-25 00:00:00,274.0,277.0,3.0,Bronchosafe,Chain Store,Bayer
2023-07-25 00:00:00,306.0,311.0,5.0,Bronchosafe,Online Store,Bayer
2023-07-25 00:00:00,441.0,444.0,3.0,Bronchosafe,Retail Store,Bayer
2023-07-25 00:00:00,224.0,220.0,4.0,Cancerend,Chain Store,Bayer
2023-07-25 00:00:00,419.0,414.0,5.0,Cancerend,Online Store,Bayer
2023-07-25 00:00:00,810.0,801.0,9.0,Cancerend,Retail Store,Bayer
2023-07-25 00:00:00,121.0,123.0,2.0,Cardioplus,Chain Store,Bayer
2023-07-25 00:00:00,239.0,247.0,8.0,Cardioplus,Online Store,Bayer
2023-07-25 00:00:00,201.0,206.0,5.0,Cardioplus,Retail Store,Bayer
2023-07-25 00:00:00,123.0,126.0,3.0,Cardiox,Chain Store,Bayer
2023-07-25 00:00:00,244.0,251.0,7.0,Cardiox,Online Store,Bayer
2023-07-25 00:00:00,204.0,210.0,6.0,Cardiox,Retail Store,Bayer
2023-07-25 00:00:00,420.0,404.0,16.0,Dermacil,Chain Store,Merck
2023-07-25 00:00:00,353.0,352.0,1.0,Dermacil,Online Store,Merck
2023-07-25 00:00:00,267.0,260.0,7.0,Dermacil,Retail Store,Merck
2023-07-25 00:00:00,429.0,412.0,17.0,Dermaglow,Chain Store,Merck
2023-07-25 00:00:00,353.0,352.0,1.0,Dermaglow,Online Store,Merck
2023-07-25 00:00:00,267.0,260.0,7.0,Dermaglow,Retail Store,Merck
2023-07-25 00:00:00,405.0,402.0,3.0,Diabecheck,Chain Store,Merck
2023-07-25 00:00:00,381.0,377.0,4.0,Diabecheck,Online Store,Merck
2023-07-25 00:00:00,473.0,470.0,3.0,Diabecheck,Retail Store,Merck
2023-07-25 00:00:00,405.0,402.0,3.0,Diabetrol,Chain Store,Merck
2023-07-25 00:00:00,374.0,370.0,4.0,Diabetrol,Online Store,Merck
2023-07-25 00:00:00,473.0,470.0,3.0,Diabetrol,Retail Store,Merck
2023-07-25 00:00:00,75.0,76.0,1.0,Fungistop,Chain Store,Merck
2023-07-25 00:00:00,407.0,408.0,1.0,Fungistop,Online Store,Merck
2023-07-25 00:00:00,323.0,323.0,0.0,Fungistop,Retail Store,Merck
2023-07-25 00:00:00,427.0,425.0,2.0,Hepafix,Chain Store,Merck
2023-07-25 00:00:00,279.0,278.0,1.0,Hepafix,Online Store,Merck
2023-07-25 00:00:00,387.0,382.0,5.0,Hepafix,Retail Store,Merck
2023-07-25 00:00:00,419.0,417.0,2.0,Hepaheal,Chain Store,Pfizer
2023-07-25 00:00:00,274.0,272.0,2.0,Hepaheal,Online Store,Pfizer
2023-07-25 00:00:00,395.0,390.0,5.0,Hepaheal,Retail Store,Pfizer
2023-07-25 00:00:00,274.0,277.0,3.0,Immunoboost,Chain Store,Pfizer
2023-07-25 00:00:00,300.0,305.0,5.0,Immunoboost,Online Store,Pfizer
2023-07-25 00:00:00,432.0,435.0,3.0,Immunoboost,Retail Store,Pfizer
2023-07-25 00:00:00,274.0,277.0,3.0,Immunomax,Chain Store,Pfizer
2023-07-25 00:00:00,300.0,305.0,5.0,Immunomax,Online Store,Pfizer
2023-07-25 00:00:00,441.0,444.0,3.0,Immunomax,Retail Store,Pfizer
2023-07-25 00:00:00,220.0,215.0,5.0,Neurofix,Chain Store,Pfizer
2023-07-25 00:00:00,411.0,406.0,5.0,Neurofix,Online Store,Pfizer
2023-07-25 00:00:00,810.0,801.0,9.0,Neurofix,Retail Store,Pfizer
2023-07-25 00:00:00,410.0,412.0,2.0,Osteofix,Chain Store,Pfizer
2023-07-25 00:00:00,238.0,238.0,0.0,Osteofix,Online Store,Pfizer
2023-07-25 00:00:00,315.0,318.0,3.0,Osteofix,Retail Store,Pfizer
2023-07-25 00:00:00,402.0,403.0,1.0,Osteogrow,Chain Store,Pfizer
2023-07-25 00:00:00,233.0,234.0,1.0,Osteogrow,Online Store,Pfizer
2023-07-25 00:00:00,309.0,312.0,3.0,Osteogrow,Retail Store,Pfizer
2023-07-25 00:00:00,121.0,123.0,2.0,Paingelix,Chain Store,Bayer
2023-07-25 00:00:00,244.0,251.0,7.0,Paingelix,Online Store,Bayer
2023-07-25 00:00:00,204.0,210.0,6.0,Paingelix,Retail Store,Bayer
2023-07-25 00:00:00,220.0,215.0,5.0,Thyrocare,Chain Store,Pfizer
2023-07-25 00:00:00,419.0,414.0,5.0,Thyrocare,Online Store,Pfizer
2023-07-25 00:00:00,795.0,785.0,10.0,Thyrocare,Retail Store,Pfizer
2023-07-25 00:00:00,269.0,271.0,2.0,Virustop,Chain Store,Merck
2023-07-25 00:00:00,300.0,305.0,5.0,Virustop,Online Store,Merck
2023-07-25 00:00:00,441.0,444.0,3.0,Virustop,Retail Store,Merck
2023-08-01 00:00:00,78.0,82.0,4.0,AntifungalY,Chain Store,Bayer
2023-08-01 00:00:00,416.0,446.0,30.0,AntifungalY,Online Store,Bayer
2023-08-01 00:00:00,338.0,361.0,23.0,AntifungalY,Retail Store,Bayer
2023-08-01 00:00:00,285.0,302.0,17.0,Bronchosafe,Chain Store,Bayer
2023-08-01 00:00:00,331.0,349.0,18.0,Bronchosafe,Online Store,Bayer
2023-08-01 00:00:00,468.0,491.0,23.0,Bronchosafe,Retail Store,Bayer
2023-08-01 00:00:00,220.0,227.0,7.0,Cancerend,Chain Store,Bayer
2023-08-01 00:00:00,426.0,444.0,18.0,Cancerend,Online Store,Bayer
2023-08-01 00:00:00,827.0,862.0,35.0,Cancerend,Retail Store,Bayer
2023-08-01 00:00:00,125.0,133.0,8.0,Cardioplus,Chain Store,Bayer
2023-08-01 00:00:00,249.0,264.0,15.0,Cardioplus,Online Store,Bayer
2023-08-01 00:00:00,206.0,220.0,14.0,Cardioplus,Retail Store,Bayer
2023-08-01 00:00:00,127.0,136.0,9.0,Cardiox,Chain Store,Bayer
2023-08-01 00:00:00,254.0,270.0,16.0,Cardiox,Online Store,Bayer
2023-08-01 00:00:00,210.0,225.0,15.0,Cardiox,Retail Store,Bayer
2023-08-01 00:00:00,417.0,436.0,19.0,Dermacil,Chain Store,Merck
2023-08-01 00:00:00,349.0,379.0,30.0,Dermacil,Online Store,Merck
2023-08-01 00:00:00,264.0,280.0,16.0,Dermacil,Retail Store,Merck
2023-08-01 00:00:00,426.0,444.0,18.0,Dermaglow,Chain Store,Merck
2023-08-01 00:00:00,349.0,379.0,30.0,Dermaglow,Online Store,Merck
2023-08-01 00:00:00,264.0,280.0,16.0,Dermaglow,Retail Store,Merck
2023-08-01 00:00:00,401.0,423.0,22.0,Diabecheck,Chain Store,Merck
2023-08-01 00:00:00,378.0,397.0,19.0,Diabecheck,Online Store,Merck
2023-08-01 00:00:00,469.0,493.0,24.0,Diabecheck,Retail Store,Merck
2023-08-01 00:00:00,401.0,423.0,22.0,Diabetrol,Chain Store,Merck
2023-08-01 00:00:00,370.0,390.0,20.0,Diabetrol,Online Store,Merck
2023-08-01 00:00:00,469.0,493.0,24.0,Diabetrol,Retail Store,Merck
2023-08-01 00:00:00,78.0,82.0,4.0,Fungistop,Chain Store,Merck
2023-08-01 00:00:00,416.0,446.0,30.0,Fungistop,Online Store,Merck
2023-08-01 00:00:00,330.0,354.0,24.0,Fungistop,Retail Store,Merck
2023-08-01 00:00:00,439.0,451.0,12.0,Hepafix,Chain Store,Merck
2023-08-01 00:00:00,287.0,295.0,8.0,Hepafix,Online Store,Merck
2023-08-01 00:00:00,395.0,408.0,13.0,Hepafix,Retail Store,Merck
2023-08-01 00:00:00,430.0,442.0,12.0,Hepaheal,Chain Store,Pfizer
2023-08-01 00:00:00,281.0,289.0,8.0,Hepaheal,Online Store,Pfizer
2023-08-01 00:00:00,403.0,417.0,14.0,Hepaheal,Retail Store,Pfizer
2023-08-01 00:00:00,285.0,302.0,17.0,Immunoboost,Chain Store,Pfizer
2023-08-01 00:00:00,324.0,342.0,18.0,Immunoboost,Online Store,Pfizer
2023-08-01 00:00:00,459.0,481.0,22.0,Immunoboost,Retail Store,Pfizer
2023-08-01 00:00:00,285.0,302.0,17.0,Immunomax,Chain Store,Pfizer
2023-08-01 00:00:00,324.0,342.0,18.0,Immunomax,Online Store,Pfizer
2023-08-01 00:00:00,468.0,491.0,23.0,Immunomax,Retail Store,Pfizer
2023-08-01 00:00:00,216.0,222.0,6.0,Neurofix,Chain Store,Pfizer
2023-08-01 00:00:00,417.0,436.0,19.0,Neurofix,Online Store,Pfizer
2023-08-01 00:00:00,827.0,862.0,35.0,Neurofix,Retail Store,Pfizer
2023-08-01 00:00:00,419.0,441.0,22.0,Osteofix,Chain Store,Pfizer
2023-08-01 00:00:00,243.0,256.0,13.0,Osteofix,Online Store,Pfizer
2023-08-01 00:00:00,322.0,341.0,19.0,Osteofix,Retail Store,Pfizer
2023-08-01 00:00:00,411.0,432.0,21.0,Osteogrow,Chain Store,Pfizer
2023-08-01 00:00:00,238.0,250.0,12.0,Osteogrow,Online Store,Pfizer
2023-08-01 00:00:00,316.0,334.0,18.0,Osteogrow,Retail Store,Pfizer
2023-08-01 00:00:00,125.0,133.0,8.0,Paingelix,Chain Store,Bayer
2023-08-01 00:00:00,254.0,270.0,16.0,Paingelix,Online Store,Bayer
2023-08-01 00:00:00,210.0,225.0,15.0,Paingelix,Retail Store,Bayer
2023-08-01 00:00:00,216.0,222.0,6.0,Thyrocare,Chain Store,Pfizer
2023-08-01 00:00:00,426.0,444.0,18.0,Thyrocare,Online Store,Pfizer
2023-08-01 00:00:00,811.0,844.0,33.0,Thyrocare,Retail Store,Pfizer
2023-08-01 00:00:00,280.0,296.0,16.0,Virustop,Chain Store,Merck
2023-08-01 00:00:00,324.0,342.0,18.0,Virustop,Online Store,Merck
2023-08-01 00:00:00,468.0,491.0,23.0,Virustop,Retail Store,Merck
2023-08-08 00:00:00,81.0,82.0,1.0,AntifungalY,Chain Store,Bayer
2023-08-08 00:00:00,430.0,459.0,29.0,AntifungalY,Online Store,Bayer
2023-08-08 00:00:00,348.0,369.0,21.0,AntifungalY,Retail Store,Bayer
2023-08-08 00:00:00,307.0,300.0,7.0,Bronchosafe,Chain Store,Bayer
2023-08-08 00:00:00,352.0,341.0,11.0,Bronchosafe,Online Store,Bayer
2023-08-08 00:00:00,485.0,478.0,7.0,Bronchosafe,Retail Store,Bayer
2023-08-08 00:00:00,230.0,221.0,9.0,Cancerend,Chain Store,Bayer
2023-08-08 00:00:00,455.0,439.0,16.0,Cancerend,Online Store,Bayer
2023-08-08 00:00:00,881.0,848.0,33.0,Cancerend,Retail Store,Bayer
2023-08-08 00:00:00,136.0,133.0,3.0,Cardioplus,Chain Store,Bayer
2023-08-08 00:00:00,274.0,265.0,9.0,Cardioplus,Online Store,Bayer
2023-08-08 00:00:00,223.0,221.0,2.0,Cardioplus,Retail Store,Bayer
2023-08-08 00:00:00,139.0,136.0,3.0,Cardiox,Chain Store,Bayer
2023-08-08 00:00:00,279.0,270.0,9.0,Cardiox,Online Store,Bayer
2023-08-08 00:00:00,228.0,225.0,3.0,Cardiox,Retail Store,Bayer
2023-08-08 00:00:00,431.0,420.0,11.0,Dermacil,Chain Store,Merck
2023-08-08 00:00:00,366.0,369.0,3.0,Dermacil,Online Store,Merck
2023-08-08 00:00:00,275.0,271.0,4.0,Dermacil,Retail Store,Merck
2023-08-08 00:00:00,440.0,429.0,11.0,Dermaglow,Chain Store,Merck
2023-08-08 00:00:00,366.0,369.0,3.0,Dermaglow,Online Store,Merck
2023-08-08 00:00:00,275.0,271.0,4.0,Dermaglow,Retail Store,Merck
2023-08-08 00:00:00,442.0,427.0,15.0,Diabecheck,Chain Store,Merck
2023-08-08 00:00:00,418.0,401.0,17.0,Diabecheck,Online Store,Merck
2023-08-08 00:00:00,518.0,497.0,21.0,Diabecheck,Retail Store,Merck
2023-08-08 00:00:00,442.0,427.0,15.0,Diabetrol,Chain Store,Merck
2023-08-08 00:00:00,409.0,393.0,16.0,Diabetrol,Online Store,Merck
2023-08-08 00:00:00,518.0,497.0,21.0,Diabetrol,Retail Store,Merck
2023-08-08 00:00:00,81.0,82.0,1.0,Fungistop,Chain Store,Merck
2023-08-08 00:00:00,430.0,459.0,29.0,Fungistop,Online Store,Merck
2023-08-08 00:00:00,341.0,362.0,21.0,Fungistop,Retail Store,Merck
2023-08-08 00:00:00,468.0,468.0,0.0,Hepafix,Chain Store,Merck
2023-08-08 00:00:00,306.0,306.0,0.0,Hepafix,Online Store,Merck
2023-08-08 00:00:00,421.0,426.0,5.0,Hepafix,Retail Store,Merck
2023-08-08 00:00:00,459.0,458.0,1.0,Hepaheal,Chain Store,Pfizer
2023-08-08 00:00:00,299.0,300.0,1.0,Hepaheal,Online Store,Pfizer
2023-08-08 00:00:00,431.0,435.0,4.0,Hepaheal,Retail Store,Pfizer
2023-08-08 00:00:00,307.0,300.0,7.0,Immunoboost,Chain Store,Pfizer
2023-08-08 00:00:00,346.0,334.0,12.0,Immunoboost,Online Store,Pfizer
2023-08-08 00:00:00,476.0,469.0,7.0,Immunoboost,Retail Store,Pfizer
2023-08-08 00:00:00,307.0,300.0,7.0,Immunomax,Chain Store,Pfizer
2023-08-08 00:00:00,346.0,334.0,12.0,Immunomax,Online Store,Pfizer
2023-08-08 00:00:00,485.0,478.0,7.0,Immunomax,Retail Store,Pfizer
2023-08-08 00:00:00,225.0,217.0,8.0,Neurofix,Chain Store,Pfizer
2023-08-08 00:00:00,446.0,431.0,15.0,Neurofix,Online Store,Pfizer
2023-08-08 00:00:00,881.0,848.0,33.0,Neurofix,Retail Store,Pfizer
2023-08-08 00:00:00,459.0,461.0,2.0,Osteofix,Chain Store,Pfizer
2023-08-08 00:00:00,267.0,268.0,1.0,Osteofix,Online Store,Pfizer
2023-08-08 00:00:00,356.0,357.0,1.0,Osteofix,Retail Store,Pfizer
2023-08-08 00:00:00,449.0,452.0,3.0,Osteogrow,Chain Store,Pfizer
2023-08-08 00:00:00,262.0,262.0,0.0,Osteogrow,Online Store,Pfizer
2023-08-08 00:00:00,349.0,349.0,0.0,Osteogrow,Retail Store,Pfizer
2023-08-08 00:00:00,136.0,133.0,3.0,Paingelix,Chain Store,Bayer
2023-08-08 00:00:00,279.0,270.0,9.0,Paingelix,Online Store,Bayer
2023-08-08 00:00:00,228.0,225.0,3.0,Paingelix,Retail Store,Bayer
2023-08-08 00:00:00,225.0,217.0,8.0,Thyrocare,Chain Store,Pfizer
2023-08-08 00:00:00,455.0,439.0,16.0,Thyrocare,Online Store,Pfizer
2023-08-08 00:00:00,864.0,832.0,32.0,Thyrocare,Retail Store,Pfizer
2023-08-08 00:00:00,301.0,294.0,7.0,Virustop,Chain Store,Merck
2023-08-08 00:00:00,346.0,334.0,12.0,Virustop,Online Store,Merck
2023-08-08 00:00:00,485.0,478.0,7.0,Virustop,Retail Store,Merck
2023-08-15 00:00:00,75.0,79.0,4.0,AntifungalY,Chain Store,Bayer
2023-08-15 00:00:00,406.0,433.0,27.0,AntifungalY,Online Store,Bayer
2023-08-15 00:00:00,329.0,350.0,21.0,AntifungalY,Retail Store,Bayer
2023-08-15 00:00:00,276.0,296.0,20.0,Bronchosafe,Chain Store,Bayer
2023-08-15 00:00:00,304.0,332.0,28.0,Bronchosafe,Online Store,Bayer
2023-08-15 00:00:00,438.0,469.0,31.0,Bronchosafe,Retail Store,Bayer
2023-08-15 00:00:00,213.0,222.0,9.0,Cancerend,Chain Store,Bayer
2023-08-15 00:00:00,422.0,447.0,25.0,Cancerend,Online Store,Bayer
2023-08-15 00:00:00,813.0,860.0,47.0,Cancerend,Retail Store,Bayer
2023-08-15 00:00:00,123.0,135.0,12.0,Cardioplus,Chain Store,Bayer
2023-08-15 00:00:00,245.0,265.0,20.0,Cardioplus,Online Store,Bayer
2023-08-15 00:00:00,203.0,222.0,19.0,Cardioplus,Retail Store,Bayer
2023-08-15 00:00:00,126.0,137.0,11.0,Cardiox,Chain Store,Bayer
2023-08-15 00:00:00,249.0,271.0,22.0,Cardiox,Online Store,Bayer
2023-08-15 00:00:00,207.0,226.0,19.0,Cardiox,Retail Store,Bayer
2023-08-15 00:00:00,388.0,403.0,15.0,Dermacil,Chain Store,Merck
2023-08-15 00:00:00,331.0,357.0,26.0,Dermacil,Online Store,Merck
2023-08-15 00:00:00,249.0,261.0,12.0,Dermacil,Retail Store,Merck
2023-08-15 00:00:00,397.0,411.0,14.0,Dermaglow,Chain Store,Merck
2023-08-15 00:00:00,331.0,357.0,26.0,Dermaglow,Online Store,Merck
2023-08-15 00:00:00,249.0,261.0,12.0,Dermaglow,Retail Store,Merck
2023-08-15 00:00:00,417.0,439.0,22.0,Diabecheck,Chain Store,Merck
2023-08-15 00:00:00,394.0,415.0,21.0,Diabecheck,Online Store,Merck
2023-08-15 00:00:00,488.0,513.0,25.0,Diabecheck,Retail Store,Merck
2023-08-15 00:00:00,417.0,439.0,22.0,Diabetrol,Chain Store,Merck
2023-08-15 00:00:00,386.0,406.0,20.0,Diabetrol,Online Store,Merck
2023-08-15 00:00:00,488.0,513.0,25.0,Diabetrol,Retail Store,Merck
2023-08-15 00:00:00,75.0,79.0,4.0,Fungistop,Chain Store,Merck
2023-08-15 00:00:00,406.0,433.0,27.0,Fungistop,Online Store,Merck
2023-08-15 00:00:00,323.0,344.0,21.0,Fungistop,Retail Store,Merck
2023-08-15 00:00:00,425.0,467.0,42.0,Hepafix,Chain Store,Merck
2023-08-15 00:00:00,277.0,305.0,28.0,Hepafix,Online Store,Merck
2023-08-15 00:00:00,383.0,421.0,38.0,Hepafix,Retail Store,Merck
2023-08-15 00:00:00,417.0,458.0,41.0,Hepaheal,Chain Store,Pfizer
2023-08-15 00:00:00,272.0,299.0,27.0,Hepaheal,Online Store,Pfizer
2023-08-15 00:00:00,392.0,429.0,37.0,Hepaheal,Retail Store,Pfizer
2023-08-15 00:00:00,276.0,296.0,20.0,Immunoboost,Chain Store,Pfizer
2023-08-15 00:00:00,299.0,326.0,27.0,Immunoboost,Online Store,Pfizer
2023-08-15 00:00:00,429.0,459.0,30.0,Immunoboost,Retail Store,Pfizer
2023-08-15 00:00:00,276.0,296.0,20.0,Immunomax,Chain Store,Pfizer
2023-08-15 00:00:00,299.0,326.0,27.0,Immunomax,Online Store,Pfizer
2023-08-15 00:00:00,438.0,469.0,31.0,Immunomax,Retail Store,Pfizer
2023-08-15 00:00:00,209.0,218.0,9.0,Neurofix,Chain Store,Pfizer
2023-08-15 00:00:00,414.0,438.0,24.0,Neurofix,Online Store,Pfizer
2023-08-15 00:00:00,813.0,860.0,47.0,Neurofix,Retail Store,Pfizer
2023-08-15 00:00:00,436.0,474.0,38.0,Osteofix,Chain Store,Pfizer
2023-08-15 00:00:00,254.0,274.0,20.0,Osteofix,Online Store,Pfizer
2023-08-15 00:00:00,338.0,364.0,26.0,Osteofix,Retail Store,Pfizer
2023-08-15 00:00:00,427.0,465.0,38.0,Osteogrow,Chain Store,Pfizer
2023-08-15 00:00:00,249.0,268.0,19.0,Osteogrow,Online Store,Pfizer
2023-08-15 00:00:00,332.0,357.0,25.0,Osteogrow,Retail Store,Pfizer
2023-08-15 00:00:00,123.0,135.0,12.0,Paingelix,Chain Store,Bayer
2023-08-15 00:00:00,249.0,271.0,22.0,Paingelix,Online Store,Bayer
2023-08-15 00:00:00,207.0,226.0,19.0,Paingelix,Retail Store,Bayer
2023-08-15 00:00:00,209.0,218.0,9.0,Thyrocare,Chain Store,Pfizer
2023-08-15 00:00:00,422.0,447.0,25.0,Thyrocare,Online Store,Pfizer
2023-08-15 00:00:00,798.0,843.0,45.0,Thyrocare,Retail Store,Pfizer
2023-08-15 00:00:00,271.0,290.0,19.0,Virustop,Chain Store,Merck
2023-08-15 00:00:00,299.0,326.0,27.0,Virustop,Online Store,Merck
2023-08-15 00:00:00,438.0,469.0,31.0,Virustop,Retail Store,Merck
2023-08-22 00:00:00,78.0,78.0,0.0,AntifungalY,Chain Store,Bayer
2023-08-22 00:00:00,412.0,409.0,3.0,AntifungalY,Online Store,Bayer
2023-08-22 00:00:00,334.0,332.0,2.0,AntifungalY,Retail Store,Bayer
2023-08-22 00:00:00,287.0,285.0,2.0,Bronchosafe,Chain Store,Bayer
2023-08-22 00:00:00,323.0,326.0,3.0,Bronchosafe,Online Store,Bayer
2023-08-22 00:00:00,474.0,475.0,1.0,Bronchosafe,Retail Store,Bayer
2023-08-22 00:00:00,223.0,227.0,4.0,Cancerend,Chain Store,Bayer
2023-08-22 00:00:00,446.0,438.0,8.0,Cancerend,Online Store,Bayer
2023-08-22 00:00:00,857.0,843.0,14.0,Cancerend,Retail Store,Bayer
2023-08-22 00:00:00,130.0,136.0,6.0,Cardioplus,Chain Store,Bayer
2023-08-22 00:00:00,256.0,266.0,10.0,Cardioplus,Online Store,Bayer
2023-08-22 00:00:00,215.0,225.0,10.0,Cardioplus,Retail Store,Bayer
2023-08-22 00:00:00,132.0,138.0,6.0,Cardiox,Chain Store,Bayer
2023-08-22 00:00:00,261.0,271.0,10.0,Cardiox,Online Store,Bayer
2023-08-22 00:00:00,220.0,230.0,10.0,Cardiox,Retail Store,Bayer
2023-08-22 00:00:00,406.0,406.0,0.0,Dermacil,Chain Store,Merck
2023-08-22 00:00:00,337.0,350.0,13.0,Dermacil,Online Store,Merck
2023-08-22 00:00:00,257.0,260.0,3.0,Dermacil,Retail Store,Merck
2023-08-22 00:00:00,415.0,414.0,1.0,Dermaglow,Chain Store,Merck
2023-08-22 00:00:00,337.0,350.0,13.0,Dermaglow,Online Store,Merck
2023-08-22 00:00:00,257.0,260.0,3.0,Dermaglow,Retail Store,Merck
2023-08-22 00:00:00,419.0,415.0,4.0,Diabecheck,Chain Store,Merck
2023-08-22 00:00:00,395.0,389.0,6.0,Diabecheck,Online Store,Merck
2023-08-22 00:00:00,490.0,484.0,6.0,Diabecheck,Retail Store,Merck
2023-08-22 00:00:00,419.0,415.0,4.0,Diabetrol,Chain Store,Merck
2023-08-22 00:00:00,388.0,382.0,6.0,Diabetrol,Online Store,Merck
2023-08-22 00:00:00,490.0,484.0,6.0,Diabetrol,Retail Store,Merck
2023-08-22 00:00:00,78.0,78.0,0.0,Fungistop,Chain Store,Merck
2023-08-22 00:00:00,412.0,409.0,3.0,Fungistop,Online Store,Merck
2023-08-22 00:00:00,328.0,325.0,3.0,Fungistop,Retail Store,Merck
2023-08-22 00:00:00,484.0,504.0,20.0,Hepafix,Chain Store,Merck
2023-08-22 00:00:00,317.0,331.0,14.0,Hepafix,Online Store,Merck
2023-08-22 00:00:00,438.0,464.0,26.0,Hepafix,Retail Store,Merck
2023-08-22 00:00:00,474.0,495.0,21.0,Hepaheal,Chain Store,Pfizer
2023-08-22 00:00:00,310.0,325.0,15.0,Hepaheal,Online Store,Pfizer
2023-08-22 00:00:00,448.0,474.0,26.0,Hepaheal,Retail Store,Pfizer
2023-08-22 00:00:00,287.0,285.0,2.0,Immunoboost,Chain Store,Pfizer
2023-08-22 00:00:00,317.0,320.0,3.0,Immunoboost,Online Store,Pfizer
2023-08-22 00:00:00,465.0,465.0,0.0,Immunoboost,Retail Store,Pfizer
2023-08-22 00:00:00,287.0,285.0,2.0,Immunomax,Chain Store,Pfizer
2023-08-22 00:00:00,317.0,320.0,3.0,Immunomax,Online Store,Pfizer
2023-08-22 00:00:00,474.0,475.0,1.0,Immunomax,Retail Store,Pfizer
2023-08-22 00:00:00,219.0,223.0,4.0,Neurofix,Chain Store,Pfizer
2023-08-22 00:00:00,437.0,429.0,8.0,Neurofix,Online Store,Pfizer
2023-08-22 00:00:00,857.0,843.0,14.0,Neurofix,Retail Store,Pfizer
2023-08-22 00:00:00,434.0,444.0,10.0,Osteofix,Chain Store,Pfizer
2023-08-22 00:00:00,253.0,256.0,3.0,Osteofix,Online Store,Pfizer
2023-08-22 00:00:00,336.0,341.0,5.0,Osteofix,Retail Store,Pfizer
2023-08-22 00:00:00,425.0,435.0,10.0,Osteogrow,Chain Store,Pfizer
2023-08-22 00:00:00,248.0,251.0,3.0,Osteogrow,Online Store,Pfizer
2023-08-22 00:00:00,329.0,335.0,6.0,Osteogrow,Retail Store,Pfizer
2023-08-22 00:00:00,130.0,136.0,6.0,Paingelix,Chain Store,Bayer
2023-08-22 00:00:00,261.0,271.0,10.0,Paingelix,Online Store,Bayer
2023-08-22 00:00:00,220.0,230.0,10.0,Paingelix,Retail Store,Bayer
2023-08-22 00:00:00,219.0,223.0,4.0,Thyrocare,Chain Store,Pfizer
2023-08-22 00:00:00,446.0,438.0,8.0,Thyrocare,Online Store,Pfizer
2023-08-22 00:00:00,841.0,826.0,15.0,Thyrocare,Retail Store,Pfizer
2023-08-22 00:00:00,281.0,280.0,1.0,Virustop,Chain Store,Merck
2023-08-22 00:00:00,317.0,320.0,3.0,Virustop,Online Store,Merck
2023-08-22 00:00:00,474.0,475.0,1.0,Virustop,Retail Store,Merck
2023-08-29 00:00:00,78.0,82.0,4.0,AntifungalY,Chain Store,Bayer
2023-08-29 00:00:00,402.0,425.0,23.0,AntifungalY,Online Store,Bayer
2023-08-29 00:00:00,327.0,345.0,18.0,AntifungalY,Retail Store,Bayer
2023-08-29 00:00:00,289.0,288.0,1.0,Bronchosafe,Chain Store,Bayer
2023-08-29 00:00:00,338.0,328.0,10.0,Bronchosafe,Online Store,Bayer
2023-08-29 00:00:00,474.0,473.0,1.0,Bronchosafe,Retail Store,Bayer
2023-08-29 00:00:00,226.0,224.0,2.0,Cancerend,Chain Store,Bayer
2023-08-29 00:00:00,434.0,444.0,10.0,Cancerend,Online Store,Bayer
2023-08-29 00:00:00,842.0,855.0,13.0,Cancerend,Retail Store,Bayer
2023-08-29 00:00:00,129.0,130.0,1.0,Cardioplus,Chain Store,Bayer
2023-08-29 00:00:00,257.0,256.0,1.0,Cardioplus,Online Store,Bayer
2023-08-29 00:00:00,214.0,217.0,3.0,Cardioplus,Retail Store,Bayer
2023-08-29 00:00:00,131.0,132.0,1.0,Cardiox,Chain Store,Bayer
2023-08-29 00:00:00,262.0,262.0,0.0,Cardiox,Online Store,Bayer
2023-08-29 00:00:00,219.0,222.0,3.0,Cardiox,Retail Store,Bayer
2023-08-29 00:00:00,408.0,418.0,10.0,Dermacil,Chain Store,Merck
2023-08-29 00:00:00,339.0,366.0,27.0,Dermacil,Online Store,Merck
2023-08-29 00:00:00,258.0,270.0,12.0,Dermacil,Retail Store,Merck
2023-08-29 00:00:00,417.0,426.0,9.0,Dermaglow,Chain Store,Merck
2023-08-29 00:00:00,339.0,366.0,27.0,Dermaglow,Online Store,Merck
2023-08-29 00:00:00,258.0,270.0,12.0,Dermaglow,Retail Store,Merck
2023-08-29 00:00:00,407.0,410.0,3.0,Diabecheck,Chain Store,Merck
2023-08-29 00:00:00,385.0,384.0,1.0,Diabecheck,Online Store,Merck
2023-08-29 00:00:00,477.0,479.0,2.0,Diabecheck,Retail Store,Merck
2023-08-29 00:00:00,407.0,410.0,3.0,Diabetrol,Chain Store,Merck
2023-08-29 00:00:00,377.0,376.0,1.0,Diabetrol,Online Store,Merck
2023-08-29 00:00:00,477.0,479.0,2.0,Diabetrol,Retail Store,Merck
2023-08-29 00:00:00,78.0,82.0,4.0,Fungistop,Chain Store,Merck
2023-08-29 00:00:00,402.0,425.0,23.0,Fungistop,Online Store,Merck
2023-08-29 00:00:00,321.0,338.0,17.0,Fungistop,Retail Store,Merck
2023-08-29 00:00:00,509.0,508.0,1.0,Hepafix,Chain Store,Merck
2023-08-29 00:00:00,334.0,333.0,1.0,Hepafix,Online Store,Merck
2023-08-29 00:00:00,466.0,465.0,1.0,Hepafix,Retail Store,Merck
2023-08-29 00:00:00,499.0,498.0,1.0,Hepaheal,Chain Store,Pfizer
2023-08-29 00:00:00,327.0,326.0,1.0,Hepaheal,Online Store,Pfizer
2023-08-29 00:00:00,476.0,475.0,1.0,Hepaheal,Retail Store,Pfizer
2023-08-29 00:00:00,289.0,288.0,1.0,Immunoboost,Chain Store,Pfizer
2023-08-29 00:00:00,332.0,322.0,10.0,Immunoboost,Online Store,Pfizer
2023-08-29 00:00:00,465.0,464.0,1.0,Immunoboost,Retail Store,Pfizer
2023-08-29 00:00:00,289.0,288.0,1.0,Immunomax,Chain Store,Pfizer
2023-08-29 00:00:00,332.0,322.0,10.0,Immunomax,Online Store,Pfizer
2023-08-29 00:00:00,474.0,473.0,1.0,Immunomax,Retail Store,Pfizer
2023-08-29 00:00:00,222.0,219.0,3.0,Neurofix,Chain Store,Pfizer
2023-08-29 00:00:00,425.0,435.0,10.0,Neurofix,Online Store,Pfizer
2023-08-29 00:00:00,842.0,855.0,13.0,Neurofix,Retail Store,Pfizer
2023-08-29 00:00:00,411.0,419.0,8.0,Osteofix,Chain Store,Pfizer
2023-08-29 00:00:00,240.0,243.0,3.0,Osteofix,Online Store,Pfizer
2023-08-29 00:00:00,320.0,325.0,5.0,Osteofix,Retail Store,Pfizer
2023-08-29 00:00:00,403.0,410.0,7.0,Osteogrow,Chain Store,Pfizer
2023-08-29 00:00:00,235.0,239.0,4.0,Osteogrow,Online Store,Pfizer
2023-08-29 00:00:00,313.0,318.0,5.0,Osteogrow,Retail Store,Pfizer
2023-08-29 00:00:00,129.0,130.0,1.0,Paingelix,Chain Store,Bayer
2023-08-29 00:00:00,262.0,262.0,0.0,Paingelix,Online Store,Bayer
2023-08-29 00:00:00,219.0,222.0,3.0,Paingelix,Retail Store,Bayer
2023-08-29 00:00:00,222.0,219.0,3.0,Thyrocare,Chain Store,Pfizer
2023-08-29 00:00:00,434.0,444.0,10.0,Thyrocare,Online Store,Pfizer
2023-08-29 00:00:00,826.0,839.0,13.0,Thyrocare,Retail Store,Pfizer
2023-08-29 00:00:00,284.0,283.0,1.0,Virustop,Chain Store,Merck
2023-08-29 00:00:00,332.0,322.0,10.0,Virustop,Online Store,Merck
2023-08-29 00:00:00,474.0,473.0,1.0,Virustop,Retail Store,Merck
2023-09-05 00:00:00,79.0,87.0,8.0,AntifungalY,Chain Store,Bayer
2023-09-05 00:00:00,415.0,462.0,47.0,AntifungalY,Online Store,Bayer
2023-09-05 00:00:00,337.0,374.0,37.0,AntifungalY,Retail Store,Bayer
2023-09-05 00:00:00,281.0,314.0,33.0,Bronchosafe,Chain Store,Bayer
2023-09-05 00:00:00,325.0,366.0,41.0,Bronchosafe,Online Store,Bayer
2023-09-05 00:00:00,457.0,525.0,68.0,Bronchosafe,Retail Store,Bayer
2023-09-05 00:00:00,246.0,280.0,34.0,Cancerend,Chain Store,Bayer
2023-09-05 00:00:00,420.0,484.0,64.0,Cancerend,Online Store,Bayer
2023-09-05 00:00:00,830.0,948.0,118.0,Cancerend,Retail Store,Bayer
2023-09-05 00:00:00,124.0,133.0,9.0,Cardioplus,Chain Store,Bayer
2023-09-05 00:00:00,250.0,267.0,17.0,Cardioplus,Online Store,Bayer
2023-09-05 00:00:00,204.0,219.0,15.0,Cardioplus,Retail Store,Bayer
2023-09-05 00:00:00,126.0,135.0,9.0,Cardiox,Chain Store,Bayer
2023-09-05 00:00:00,255.0,272.0,17.0,Cardiox,Online Store,Bayer
2023-09-05 00:00:00,209.0,224.0,15.0,Cardiox,Retail Store,Bayer
2023-09-05 00:00:00,386.0,418.0,32.0,Dermacil,Chain Store,Merck
2023-09-05 00:00:00,322.0,373.0,51.0,Dermacil,Online Store,Merck
2023-09-05 00:00:00,244.0,271.0,27.0,Dermacil,Retail Store,Merck
2023-09-05 00:00:00,394.0,426.0,32.0,Dermaglow,Chain Store,Merck
2023-09-05 00:00:00,322.0,373.0,51.0,Dermaglow,Online Store,Merck
2023-09-05 00:00:00,244.0,271.0,27.0,Dermaglow,Retail Store,Merck
2023-09-05 00:00:00,396.0,416.0,20.0,Diabecheck,Chain Store,Merck
2023-09-05 00:00:00,374.0,390.0,16.0,Diabecheck,Online Store,Merck
2023-09-05 00:00:00,463.0,486.0,23.0,Diabecheck,Retail Store,Merck
2023-09-05 00:00:00,396.0,416.0,20.0,Diabetrol,Chain Store,Merck
2023-09-05 00:00:00,367.0,383.0,16.0,Diabetrol,Online Store,Merck
2023-09-05 00:00:00,463.0,486.0,23.0,Diabetrol,Retail Store,Merck
2023-09-05 00:00:00,79.0,87.0,8.0,Fungistop,Chain Store,Merck
2023-09-05 00:00:00,415.0,462.0,47.0,Fungistop,Online Store,Merck
2023-09-05 00:00:00,330.0,366.0,36.0,Fungistop,Retail Store,Merck
2023-09-05 00:00:00,460.0,474.0,14.0,Hepafix,Chain Store,Merck
2023-09-05 00:00:00,303.0,312.0,9.0,Hepafix,Online Store,Merck
2023-09-05 00:00:00,428.0,444.0,16.0,Hepafix,Retail Store,Merck
2023-09-05 00:00:00,451.0,465.0,14.0,Hepaheal,Chain Store,Pfizer
2023-09-05 00:00:00,297.0,306.0,9.0,Hepaheal,Online Store,Pfizer
2023-09-05 00:00:00,438.0,452.0,14.0,Hepaheal,Retail Store,Pfizer
2023-09-05 00:00:00,281.0,314.0,33.0,Immunoboost,Chain Store,Pfizer
2023-09-05 00:00:00,319.0,359.0,40.0,Immunoboost,Online Store,Pfizer
2023-09-05 00:00:00,447.0,515.0,68.0,Immunoboost,Retail Store,Pfizer
2023-09-05 00:00:00,281.0,314.0,33.0,Immunomax,Chain Store,Pfizer
2023-09-05 00:00:00,319.0,359.0,40.0,Immunomax,Online Store,Pfizer
2023-09-05 00:00:00,457.0,525.0,68.0,Immunomax,Retail Store,Pfizer
2023-09-05 00:00:00,241.0,274.0,33.0,Neurofix,Chain Store,Pfizer
2023-09-05 00:00:00,411.0,474.0,63.0,Neurofix,Online Store,Pfizer
2023-09-05 00:00:00,830.0,948.0,118.0,Neurofix,Retail Store,Pfizer
2023-09-05 00:00:00,402.0,437.0,35.0,Osteofix,Chain Store,Pfizer
2023-09-05 00:00:00,237.0,257.0,20.0,Osteofix,Online Store,Pfizer
2023-09-05 00:00:00,317.0,344.0,27.0,Osteofix,Retail Store,Pfizer
2023-09-05 00:00:00,394.0,429.0,35.0,Osteogrow,Chain Store,Pfizer
2023-09-05 00:00:00,232.0,252.0,20.0,Osteogrow,Online Store,Pfizer
2023-09-05 00:00:00,310.0,337.0,27.0,Osteogrow,Retail Store,Pfizer
2023-09-05 00:00:00,124.0,133.0,9.0,Paingelix,Chain Store,Bayer
2023-09-05 00:00:00,255.0,272.0,17.0,Paingelix,Online Store,Bayer
2023-09-05 00:00:00,209.0,224.0,15.0,Paingelix,Retail Store,Bayer
2023-09-05 00:00:00,241.0,274.0,33.0,Thyrocare,Chain Store,Pfizer
2023-09-05 00:00:00,420.0,484.0,64.0,Thyrocare,Online Store,Pfizer
2023-09-05 00:00:00,814.0,929.0,115.0,Thyrocare,Retail Store,Pfizer
2023-09-05 00:00:00,277.0,308.0,31.0,Virustop,Chain Store,Merck
2023-09-05 00:00:00,319.0,359.0,40.0,Virustop,Online Store,Merck
2023-09-05 00:00:00,457.0,525.0,68.0,Virustop,Retail Store,Merck
2023-09-12 00:00:00,91.0,110.0,19.0,AntifungalY,Chain Store,Bayer
2023-09-12 00:00:00,488.0,584.0,96.0,AntifungalY,Online Store,Bayer
2023-09-12 00:00:00,396.0,473.0,77.0,AntifungalY,Retail Store,Bayer
2023-09-12 00:00:00,335.0,419.0,84.0,Bronchosafe,Chain Store,Bayer
2023-09-12 00:00:00,375.0,465.0,90.0,Bronchosafe,Online Store,Bayer
2023-09-12 00:00:00,532.0,643.0,111.0,Bronchosafe,Retail Store,Bayer
2023-09-12 00:00:00,299.0,367.0,68.0,Cancerend,Chain Store,Bayer
2023-09-12 00:00:00,516.0,645.0,129.0,Cancerend,Online Store,Bayer
2023-09-12 00:00:00,1016.0,1265.0,249.0,Cancerend,Retail Store,Bayer
2023-09-12 00:00:00,151.0,190.0,39.0,Cardioplus,Chain Store,Bayer
2023-09-12 00:00:00,304.0,377.0,73.0,Cardioplus,Online Store,Bayer
2023-09-12 00:00:00,247.0,311.0,64.0,Cardioplus,Retail Store,Bayer
2023-09-12 00:00:00,154.0,194.0,40.0,Cardiox,Chain Store,Bayer
2023-09-12 00:00:00,309.0,384.0,75.0,Cardiox,Online Store,Bayer
2023-09-12 00:00:00,253.0,317.0,64.0,Cardiox,Retail Store,Bayer
2023-09-12 00:00:00,455.0,568.0,113.0,Dermacil,Chain Store,Merck
2023-09-12 00:00:00,375.0,482.0,107.0,Dermacil,Online Store,Merck
2023-09-12 00:00:00,287.0,362.0,75.0,Dermacil,Retail Store,Merck
2023-09-12 00:00:00,464.0,580.0,116.0,Dermaglow,Chain Store,Merck
2023-09-12 00:00:00,375.0,482.0,107.0,Dermaglow,Online Store,Merck
2023-09-12 00:00:00,287.0,362.0,75.0,Dermaglow,Retail Store,Merck
2023-09-12 00:00:00,492.0,624.0,132.0,Diabecheck,Chain Store,Merck
2023-09-12 00:00:00,463.0,585.0,122.0,Diabecheck,Online Store,Merck
2023-09-12 00:00:00,575.0,728.0,153.0,Diabecheck,Retail Store,Merck
2023-09-12 00:00:00,492.0,624.0,132.0,Diabetrol,Chain Store,Merck
2023-09-12 00:00:00,454.0,573.0,119.0,Diabetrol,Online Store,Merck
2023-09-12 00:00:00,575.0,728.0,153.0,Diabetrol,Retail Store,Merck
2023-09-12 00:00:00,91.0,110.0,19.0,Fungistop,Chain Store,Merck
2023-09-12 00:00:00,488.0,584.0,96.0,Fungistop,Online Store,Merck
2023-09-12 00:00:00,387.0,464.0,77.0,Fungistop,Retail Store,Merck
2023-09-12 00:00:00,521.0,655.0,134.0,Hepafix,Chain Store,Merck
2023-09-12 00:00:00,344.0,432.0,88.0,Hepafix,Online Store,Merck
2023-09-12 00:00:00,486.0,611.0,125.0,Hepafix,Retail Store,Merck
2023-09-12 00:00:00,511.0,642.0,131.0,Hepaheal,Chain Store,Pfizer
2023-09-12 00:00:00,337.0,423.0,86.0,Hepaheal,Online Store,Pfizer
2023-09-12 00:00:00,497.0,623.0,126.0,Hepaheal,Retail Store,Pfizer
2023-09-12 00:00:00,335.0,419.0,84.0,Immunoboost,Chain Store,Pfizer
2023-09-12 00:00:00,368.0,455.0,87.0,Immunoboost,Online Store,Pfizer
2023-09-12 00:00:00,522.0,630.0,108.0,Immunoboost,Retail Store,Pfizer
2023-09-12 00:00:00,335.0,419.0,84.0,Immunomax,Chain Store,Pfizer
2023-09-12 00:00:00,368.0,455.0,87.0,Immunomax,Online Store,Pfizer
2023-09-12 00:00:00,532.0,643.0,111.0,Immunomax,Retail Store,Pfizer
2023-09-12 00:00:00,293.0,359.0,66.0,Neurofix,Chain Store,Pfizer
2023-09-12 00:00:00,506.0,633.0,127.0,Neurofix,Online Store,Pfizer
2023-09-12 00:00:00,1016.0,1265.0,249.0,Neurofix,Retail Store,Pfizer
2023-09-12 00:00:00,485.0,617.0,132.0,Osteofix,Chain Store,Pfizer
2023-09-12 00:00:00,289.0,362.0,73.0,Osteofix,Online Store,Pfizer
2023-09-12 00:00:00,388.0,485.0,97.0,Osteofix,Retail Store,Pfizer
2023-09-12 00:00:00,474.0,604.0,130.0,Osteogrow,Chain Store,Pfizer
2023-09-12 00:00:00,283.0,355.0,72.0,Osteogrow,Online Store,Pfizer
2023-09-12 00:00:00,380.0,476.0,96.0,Osteogrow,Retail Store,Pfizer
2023-09-12 00:00:00,151.0,190.0,39.0,Paingelix,Chain Store,Bayer
2023-09-12 00:00:00,309.0,384.0,75.0,Paingelix,Online Store,Bayer
2023-09-12 00:00:00,253.0,317.0,64.0,Paingelix,Retail Store,Bayer
2023-09-12 00:00:00,293.0,359.0,66.0,Thyrocare,Chain Store,Pfizer
2023-09-12 00:00:00,516.0,645.0,129.0,Thyrocare,Online Store,Pfizer
2023-09-12 00:00:00,996.0,1239.0,243.0,Thyrocare,Retail Store,Pfizer
2023-09-12 00:00:00,328.0,411.0,83.0,Virustop,Chain Store,Merck
2023-09-12 00:00:00,368.0,455.0,87.0,Virustop,Online Store,Merck
2023-09-12 00:00:00,532.0,643.0,111.0,Virustop,Retail Store,Merck
2023-09-19 00:00:00,77.0,75.0,2.0,AntifungalY,Chain Store,Bayer
2023-09-19 00:00:00,399.0,395.0,4.0,AntifungalY,Online Store,Bayer
2023-09-19 00:00:00,324.0,320.0,4.0,AntifungalY,Retail Store,Bayer
2023-09-19 00:00:00,289.0,277.0,12.0,Bronchosafe,Chain Store,Bayer
2023-09-19 00:00:00,317.0,311.0,6.0,Bronchosafe,Online Store,Bayer
2023-09-19 00:00:00,441.0,433.0,8.0,Bronchosafe,Retail Store,Bayer
2023-09-19 00:00:00,241.0,227.0,14.0,Cancerend,Chain Store,Bayer
2023-09-19 00:00:00,445.0,424.0,21.0,Cancerend,Online Store,Bayer
2023-09-19 00:00:00,865.0,824.0,41.0,Cancerend,Retail Store,Bayer
2023-09-19 00:00:00,127.0,123.0,4.0,Cardioplus,Chain Store,Bayer
2023-09-19 00:00:00,254.0,243.0,11.0,Cardioplus,Online Store,Bayer
2023-09-19 00:00:00,209.0,203.0,6.0,Cardioplus,Retail Store,Bayer
2023-09-19 00:00:00,130.0,126.0,4.0,Cardiox,Chain Store,Bayer
2023-09-19 00:00:00,260.0,248.0,12.0,Cardiox,Online Store,Bayer
2023-09-19 00:00:00,214.0,207.0,7.0,Cardiox,Retail Store,Bayer
2023-09-19 00:00:00,397.0,382.0,15.0,Dermacil,Chain Store,Merck
2023-09-19 00:00:00,325.0,332.0,7.0,Dermacil,Online Store,Merck
2023-09-19 00:00:00,250.0,245.0,5.0,Dermacil,Retail Store,Merck
2023-09-19 00:00:00,406.0,389.0,17.0,Dermaglow,Chain Store,Merck
2023-09-19 00:00:00,325.0,332.0,7.0,Dermaglow,Online Store,Merck
2023-09-19 00:00:00,250.0,245.0,5.0,Dermaglow,Retail Store,Merck
2023-09-19 00:00:00,442.0,417.0,25.0,Diabecheck,Chain Store,Merck
2023-09-19 00:00:00,416.0,390.0,26.0,Diabecheck,Online Store,Merck
2023-09-19 00:00:00,517.0,487.0,30.0,Diabecheck,Retail Store,Merck
2023-09-19 00:00:00,442.0,417.0,25.0,Diabetrol,Chain Store,Merck
2023-09-19 00:00:00,408.0,383.0,25.0,Diabetrol,Online Store,Merck
2023-09-19 00:00:00,517.0,487.0,30.0,Diabetrol,Retail Store,Merck
2023-09-19 00:00:00,77.0,75.0,2.0,Fungistop,Chain Store,Merck
2023-09-19 00:00:00,399.0,395.0,4.0,Fungistop,Online Store,Merck
2023-09-19 00:00:00,318.0,314.0,4.0,Fungistop,Retail Store,Merck
2023-09-19 00:00:00,451.0,441.0,10.0,Hepafix,Chain Store,Merck
2023-09-19 00:00:00,295.0,289.0,6.0,Hepafix,Online Store,Merck
2023-09-19 00:00:00,412.0,404.0,8.0,Hepafix,Retail Store,Merck
2023-09-19 00:00:00,443.0,433.0,10.0,Hepaheal,Chain Store,Pfizer
2023-09-19 00:00:00,290.0,284.0,6.0,Hepaheal,Online Store,Pfizer
2023-09-19 00:00:00,420.0,412.0,8.0,Hepaheal,Retail Store,Pfizer
2023-09-19 00:00:00,289.0,277.0,12.0,Immunoboost,Chain Store,Pfizer
2023-09-19 00:00:00,311.0,304.0,7.0,Immunoboost,Online Store,Pfizer
2023-09-19 00:00:00,432.0,425.0,7.0,Immunoboost,Retail Store,Pfizer
2023-09-19 00:00:00,289.0,277.0,12.0,Immunomax,Chain Store,Pfizer
2023-09-19 00:00:00,311.0,304.0,7.0,Immunomax,Online Store,Pfizer
2023-09-19 00:00:00,441.0,433.0,8.0,Immunomax,Retail Store,Pfizer
2023-09-19 00:00:00,236.0,222.0,14.0,Neurofix,Chain Store,Pfizer
2023-09-19 00:00:00,436.0,415.0,21.0,Neurofix,Online Store,Pfizer
2023-09-19 00:00:00,865.0,824.0,41.0,Neurofix,Retail Store,Pfizer
2023-09-19 00:00:00,423.0,400.0,23.0,Osteofix,Chain Store,Pfizer
2023-09-19 00:00:00,250.0,234.0,16.0,Osteofix,Online Store,Pfizer
2023-09-19 00:00:00,335.0,314.0,21.0,Osteofix,Retail Store,Pfizer
2023-09-19 00:00:00,414.0,393.0,21.0,Osteogrow,Chain Store,Pfizer
2023-09-19 00:00:00,245.0,230.0,15.0,Osteogrow,Online Store,Pfizer
2023-09-19 00:00:00,329.0,308.0,21.0,Osteogrow,Retail Store,Pfizer
2023-09-19 00:00:00,127.0,123.0,4.0,Paingelix,Chain Store,Bayer
2023-09-19 00:00:00,260.0,248.0,12.0,Paingelix,Online Store,Bayer
2023-09-19 00:00:00,214.0,207.0,7.0,Paingelix,Retail Store,Bayer
2023-09-19 00:00:00,236.0,222.0,14.0,Thyrocare,Chain Store,Pfizer
2023-09-19 00:00:00,445.0,424.0,21.0,Thyrocare,Online Store,Pfizer
2023-09-19 00:00:00,848.0,808.0,40.0,Thyrocare,Retail Store,Pfizer
2023-09-19 00:00:00,283.0,272.0,11.0,Virustop,Chain Store,Merck
2023-09-19 00:00:00,311.0,304.0,7.0,Virustop,Online Store,Merck
2023-09-19 00:00:00,441.0,433.0,8.0,Virustop,Retail Store,Merck
2023-09-26 00:00:00,69.0,75.0,6.0,AntifungalY,Chain Store,Bayer
2023-09-26 00:00:00,349.0,395.0,46.0,AntifungalY,Online Store,Bayer
2023-09-26 00:00:00,285.0,320.0,35.0,AntifungalY,Retail Store,Bayer
2023-09-26 00:00:00,252.0,273.0,21.0,Bronchosafe,Chain Store,Bayer
2023-09-26 00:00:00,280.0,308.0,28.0,Bronchosafe,Online Store,Bayer
2023-09-26 00:00:00,388.0,429.0,41.0,Bronchosafe,Retail Store,Bayer
2023-09-26 00:00:00,207.0,228.0,21.0,Cancerend,Chain Store,Bayer
2023-09-26 00:00:00,383.0,419.0,36.0,Cancerend,Online Store,Bayer
2023-09-26 00:00:00,746.0,813.0,67.0,Cancerend,Retail Store,Bayer
2023-09-26 00:00:00,110.0,124.0,14.0,Cardioplus,Chain Store,Bayer
2023-09-26 00:00:00,218.0,245.0,27.0,Cardioplus,Online Store,Bayer
2023-09-26 00:00:00,181.0,206.0,25.0,Cardioplus,Retail Store,Bayer
2023-09-26 00:00:00,112.0,127.0,15.0,Cardiox,Chain Store,Bayer
2023-09-26 00:00:00,223.0,250.0,27.0,Cardiox,Online Store,Bayer
2023-09-26 00:00:00,185.0,210.0,25.0,Cardiox,Retail Store,Bayer
2023-09-26 00:00:00,333.0,360.0,27.0,Dermacil,Chain Store,Merck
2023-09-26 00:00:00,281.0,318.0,37.0,Dermacil,Online Store,Merck
2023-09-26 00:00:00,212.0,233.0,21.0,Dermacil,Retail Store,Merck
2023-09-26 00:00:00,340.0,367.0,27.0,Dermaglow,Chain Store,Merck
2023-09-26 00:00:00,281.0,318.0,37.0,Dermaglow,Online Store,Merck
2023-09-26 00:00:00,212.0,233.0,21.0,Dermaglow,Retail Store,Merck
2023-09-26 00:00:00,376.0,399.0,23.0,Diabecheck,Chain Store,Merck
2023-09-26 00:00:00,355.0,374.0,19.0,Diabecheck,Online Store,Merck
2023-09-26 00:00:00,440.0,466.0,26.0,Diabecheck,Retail Store,Merck
2023-09-26 00:00:00,376.0,399.0,23.0,Diabetrol,Chain Store,Merck
2023-09-26 00:00:00,347.0,366.0,19.0,Diabetrol,Online Store,Merck
2023-09-26 00:00:00,440.0,466.0,26.0,Diabetrol,Retail Store,Merck
2023-09-26 00:00:00,69.0,75.0,6.0,Fungistop,Chain Store,Merck
2023-09-26 00:00:00,349.0,395.0,46.0,Fungistop,Online Store,Merck
2023-09-26 00:00:00,279.0,314.0,35.0,Fungistop,Retail Store,Merck
2023-09-26 00:00:00,392.0,430.0,38.0,Hepafix,Chain Store,Merck
2023-09-26 00:00:00,256.0,283.0,27.0,Hepafix,Online Store,Merck
2023-09-26 00:00:00,356.0,399.0,43.0,Hepafix,Retail Store,Merck
2023-09-26 00:00:00,384.0,422.0,38.0,Hepaheal,Chain Store,Pfizer
2023-09-26 00:00:00,251.0,277.0,26.0,Hepaheal,Online Store,Pfizer
2023-09-26 00:00:00,364.0,408.0,44.0,Hepaheal,Retail Store,Pfizer
2023-09-26 00:00:00,252.0,273.0,21.0,Immunoboost,Chain Store,Pfizer
2023-09-26 00:00:00,275.0,301.0,26.0,Immunoboost,Online Store,Pfizer
2023-09-26 00:00:00,381.0,421.0,40.0,Immunoboost,Retail Store,Pfizer
2023-09-26 00:00:00,252.0,273.0,21.0,Immunomax,Chain Store,Pfizer
2023-09-26 00:00:00,275.0,301.0,26.0,Immunomax,Online Store,Pfizer
2023-09-26 00:00:00,388.0,429.0,41.0,Immunomax,Retail Store,Pfizer
2023-09-26 00:00:00,203.0,224.0,21.0,Neurofix,Chain Store,Pfizer
2023-09-26 00:00:00,376.0,411.0,35.0,Neurofix,Online Store,Pfizer
2023-09-26 00:00:00,746.0,813.0,67.0,Neurofix,Retail Store,Pfizer
2023-09-26 00:00:00,365.0,404.0,39.0,Osteofix,Chain Store,Pfizer
2023-09-26 00:00:00,213.0,235.0,22.0,Osteofix,Online Store,Pfizer
2023-09-26 00:00:00,284.0,314.0,30.0,Osteofix,Retail Store,Pfizer
2023-09-26 00:00:00,358.0,396.0,38.0,Osteogrow,Chain Store,Pfizer
2023-09-26 00:00:00,209.0,231.0,22.0,Osteogrow,Online Store,Pfizer
2023-09-26 00:00:00,279.0,307.0,28.0,Osteogrow,Retail Store,Pfizer
2023-09-26 00:00:00,110.0,124.0,14.0,Paingelix,Chain Store,Bayer
2023-09-26 00:00:00,223.0,250.0,27.0,Paingelix,Online Store,Bayer
2023-09-26 00:00:00,185.0,210.0,25.0,Paingelix,Retail Store,Bayer
2023-09-26 00:00:00,203.0,224.0,21.0,Thyrocare,Chain Store,Pfizer
2023-09-26 00:00:00,383.0,419.0,36.0,Thyrocare,Online Store,Pfizer
2023-09-26 00:00:00,732.0,797.0,65.0,Thyrocare,Retail Store,Pfizer
2023-09-26 00:00:00,247.0,268.0,21.0,Virustop,Chain Store,Merck
2023-09-26 00:00:00,275.0,301.0,26.0,Virustop,Online Store,Merck
2023-09-26 00:00:00,388.0,429.0,41.0,Virustop,Retail Store,Merck
2023-10-03 00:00:00,90.0,126.0,36.0,AntifungalY,Chain Store,Bayer
2023-10-03 00:00:00,483.0,666.0,183.0,AntifungalY,Online Store,Bayer
2023-10-03 00:00:00,391.0,539.0,148.0,AntifungalY,Retail Store,Bayer
2023-10-03 00:00:00,335.0,447.0,112.0,Bronchosafe,Chain Store,Bayer
2023-10-03 00:00:00,388.0,529.0,141.0,Bronchosafe,Online Store,Bayer
2023-10-03 00:00:00,533.0,722.0,189.0,Bronchosafe,Retail Store,Bayer
2023-10-03 00:00:00,273.0,357.0,84.0,Cancerend,Chain Store,Bayer
2023-10-03 00:00:00,513.0,678.0,165.0,Cancerend,Online Store,Bayer
2023-10-03 00:00:00,998.0,1321.0,323.0,Cancerend,Retail Store,Bayer
2023-10-03 00:00:00,152.0,200.0,48.0,Cardioplus,Chain Store,Bayer
2023-10-03 00:00:00,302.0,396.0,94.0,Cardioplus,Online Store,Bayer
2023-10-03 00:00:00,247.0,328.0,81.0,Cardioplus,Retail Store,Bayer
2023-10-03 00:00:00,155.0,204.0,49.0,Cardiox,Chain Store,Bayer
2023-10-03 00:00:00,308.0,404.0,96.0,Cardiox,Online Store,Bayer
2023-10-03 00:00:00,252.0,335.0,83.0,Cardiox,Retail Store,Bayer
2023-10-03 00:00:00,421.0,575.0,154.0,Dermacil,Chain Store,Merck
2023-10-03 00:00:00,371.0,525.0,154.0,Dermacil,Online Store,Merck
2023-10-03 00:00:00,273.0,377.0,104.0,Dermacil,Retail Store,Merck
2023-10-03 00:00:00,431.0,587.0,156.0,Dermaglow,Chain Store,Merck
2023-10-03 00:00:00,371.0,525.0,154.0,Dermaglow,Online Store,Merck
2023-10-03 00:00:00,273.0,377.0,104.0,Dermaglow,Retail Store,Merck
2023-10-03 00:00:00,488.0,648.0,160.0,Diabecheck,Chain Store,Merck
2023-10-03 00:00:00,459.0,609.0,150.0,Diabecheck,Online Store,Merck
2023-10-03 00:00:00,570.0,756.0,186.0,Diabecheck,Retail Store,Merck
2023-10-03 00:00:00,488.0,648.0,160.0,Diabetrol,Chain Store,Merck
2023-10-03 00:00:00,450.0,596.0,146.0,Diabetrol,Online Store,Merck
2023-10-03 00:00:00,570.0,756.0,186.0,Diabetrol,Retail Store,Merck
2023-10-03 00:00:00,90.0,126.0,36.0,Fungistop,Chain Store,Merck
2023-10-03 00:00:00,483.0,666.0,183.0,Fungistop,Online Store,Merck
2023-10-03 00:00:00,383.0,529.0,146.0,Fungistop,Retail Store,Merck
2023-10-03 00:00:00,524.0,699.0,175.0,Hepafix,Chain Store,Merck
2023-10-03 00:00:00,344.0,458.0,114.0,Hepafix,Online Store,Merck
2023-10-03 00:00:00,483.0,639.0,156.0,Hepafix,Retail Store,Merck
2023-10-03 00:00:00,513.0,686.0,173.0,Hepaheal,Chain Store,Pfizer
2023-10-03 00:00:00,337.0,449.0,112.0,Hepaheal,Online Store,Pfizer
2023-10-03 00:00:00,494.0,651.0,157.0,Hepaheal,Retail Store,Pfizer
2023-10-03 00:00:00,335.0,447.0,112.0,Immunoboost,Chain Store,Pfizer
2023-10-03 00:00:00,381.0,519.0,138.0,Immunoboost,Online Store,Pfizer
2023-10-03 00:00:00,523.0,708.0,185.0,Immunoboost,Retail Store,Pfizer
2023-10-03 00:00:00,335.0,447.0,112.0,Immunomax,Chain Store,Pfizer
2023-10-03 00:00:00,381.0,519.0,138.0,Immunomax,Online Store,Pfizer
2023-10-03 00:00:00,533.0,722.0,189.0,Immunomax,Retail Store,Pfizer
2023-10-03 00:00:00,268.0,350.0,82.0,Neurofix,Chain Store,Pfizer
2023-10-03 00:00:00,502.0,665.0,163.0,Neurofix,Online Store,Pfizer
2023-10-03 00:00:00,998.0,1321.0,323.0,Neurofix,Retail Store,Pfizer
2023-10-03 00:00:00,476.0,654.0,178.0,Osteofix,Chain Store,Pfizer
2023-10-03 00:00:00,282.0,382.0,100.0,Osteofix,Online Store,Pfizer
2023-10-03 00:00:00,377.0,512.0,135.0,Osteofix,Retail Store,Pfizer
2023-10-03 00:00:00,466.0,641.0,175.0,Osteogrow,Chain Store,Pfizer
2023-10-03 00:00:00,276.0,375.0,99.0,Osteogrow,Online Store,Pfizer
2023-10-03 00:00:00,370.0,501.0,131.0,Osteogrow,Retail Store,Pfizer
2023-10-03 00:00:00,152.0,200.0,48.0,Paingelix,Chain Store,Bayer
2023-10-03 00:00:00,308.0,404.0,96.0,Paingelix,Online Store,Bayer
2023-10-03 00:00:00,252.0,335.0,83.0,Paingelix,Retail Store,Bayer
2023-10-03 00:00:00,268.0,350.0,82.0,Thyrocare,Chain Store,Pfizer
2023-10-03 00:00:00,513.0,678.0,165.0,Thyrocare,Online Store,Pfizer
2023-10-03 00:00:00,979.0,1295.0,316.0,Thyrocare,Retail Store,Pfizer
2023-10-03 00:00:00,328.0,438.0,110.0,Virustop,Chain Store,Merck
2023-10-03 00:00:00,381.0,519.0,138.0,Virustop,Online Store,Merck
2023-10-03 00:00:00,533.0,722.0,189.0,Virustop,Retail Store,Merck
2023-10-10 00:00:00,86.0,81.0,5.0,AntifungalY,Chain Store,Bayer
2023-10-10 00:00:00,458.0,440.0,18.0,AntifungalY,Online Store,Bayer
2023-10-10 00:00:00,371.0,356.0,15.0,AntifungalY,Retail Store,Bayer
2023-10-10 00:00:00,318.0,288.0,30.0,Bronchosafe,Chain Store,Bayer
2023-10-10 00:00:00,366.0,325.0,41.0,Bronchosafe,Online Store,Bayer
2023-10-10 00:00:00,507.0,461.0,46.0,Bronchosafe,Retail Store,Bayer
2023-10-10 00:00:00,251.0,229.0,22.0,Cancerend,Chain Store,Bayer
2023-10-10 00:00:00,485.0,436.0,49.0,Cancerend,Online Store,Bayer
2023-10-10 00:00:00,940.0,847.0,93.0,Cancerend,Retail Store,Bayer
2023-10-10 00:00:00,144.0,133.0,11.0,Cardioplus,Chain Store,Bayer
2023-10-10 00:00:00,288.0,263.0,25.0,Cardioplus,Online Store,Bayer
2023-10-10 00:00:00,233.0,217.0,16.0,Cardioplus,Retail Store,Bayer
2023-10-10 00:00:00,146.0,136.0,10.0,Cardiox,Chain Store,Bayer
2023-10-10 00:00:00,293.0,269.0,24.0,Cardiox,Online Store,Bayer
2023-10-10 00:00:00,238.0,222.0,16.0,Cardiox,Retail Store,Bayer
2023-10-10 00:00:00,406.0,381.0,25.0,Dermacil,Chain Store,Merck
2023-10-10 00:00:00,353.0,338.0,15.0,Dermacil,Online Store,Merck
2023-10-10 00:00:00,262.0,247.0,15.0,Dermacil,Retail Store,Merck
2023-10-10 00:00:00,416.0,388.0,28.0,Dermaglow,Chain Store,Merck
2023-10-10 00:00:00,353.0,338.0,15.0,Dermaglow,Online Store,Merck
2023-10-10 00:00:00,262.0,247.0,15.0,Dermaglow,Retail Store,Merck
2023-10-10 00:00:00,471.0,418.0,53.0,Diabecheck,Chain Store,Merck
2023-10-10 00:00:00,444.0,392.0,52.0,Diabecheck,Online Store,Merck
2023-10-10 00:00:00,551.0,487.0,64.0,Diabecheck,Retail Store,Merck
2023-10-10 00:00:00,471.0,418.0,53.0,Diabetrol,Chain Store,Merck
2023-10-10 00:00:00,435.0,384.0,51.0,Diabetrol,Online Store,Merck
2023-10-10 00:00:00,551.0,487.0,64.0,Diabetrol,Retail Store,Merck
2023-10-10 00:00:00,86.0,81.0,5.0,Fungistop,Chain Store,Merck
2023-10-10 00:00:00,458.0,440.0,18.0,Fungistop,Online Store,Merck
2023-10-10 00:00:00,364.0,349.0,15.0,Fungistop,Retail Store,Merck
2023-10-10 00:00:00,491.0,446.0,45.0,Hepafix,Chain Store,Merck
2023-10-10 00:00:00,321.0,292.0,29.0,Hepafix,Online Store,Merck
2023-10-10 00:00:00,445.0,408.0,37.0,Hepafix,Retail Store,Merck
2023-10-10 00:00:00,481.0,438.0,43.0,Hepaheal,Chain Store,Pfizer
2023-10-10 00:00:00,315.0,287.0,28.0,Hepaheal,Online Store,Pfizer
2023-10-10 00:00:00,456.0,416.0,40.0,Hepaheal,Retail Store,Pfizer
2023-10-10 00:00:00,318.0,288.0,30.0,Immunoboost,Chain Store,Pfizer
2023-10-10 00:00:00,359.0,318.0,41.0,Immunoboost,Online Store,Pfizer
2023-10-10 00:00:00,497.0,452.0,45.0,Immunoboost,Retail Store,Pfizer
2023-10-10 00:00:00,318.0,288.0,30.0,Immunomax,Chain Store,Pfizer
2023-10-10 00:00:00,359.0,318.0,41.0,Immunomax,Online Store,Pfizer
2023-10-10 00:00:00,507.0,461.0,46.0,Immunomax,Retail Store,Pfizer
2023-10-10 00:00:00,246.0,224.0,22.0,Neurofix,Chain Store,Pfizer
2023-10-10 00:00:00,475.0,428.0,47.0,Neurofix,Online Store,Pfizer
2023-10-10 00:00:00,940.0,847.0,93.0,Neurofix,Retail Store,Pfizer
2023-10-10 00:00:00,458.0,435.0,23.0,Osteofix,Chain Store,Pfizer
2023-10-10 00:00:00,271.0,253.0,18.0,Osteofix,Online Store,Pfizer
2023-10-10 00:00:00,363.0,337.0,26.0,Osteofix,Retail Store,Pfizer
2023-10-10 00:00:00,449.0,426.0,23.0,Osteogrow,Chain Store,Pfizer
2023-10-10 00:00:00,266.0,248.0,18.0,Osteogrow,Online Store,Pfizer
2023-10-10 00:00:00,356.0,331.0,25.0,Osteogrow,Retail Store,Pfizer
2023-10-10 00:00:00,144.0,133.0,11.0,Paingelix,Chain Store,Bayer
2023-10-10 00:00:00,293.0,269.0,24.0,Paingelix,Online Store,Bayer
2023-10-10 00:00:00,238.0,222.0,16.0,Paingelix,Retail Store,Bayer
2023-10-10 00:00:00,246.0,224.0,22.0,Thyrocare,Chain Store,Pfizer
2023-10-10 00:00:00,485.0,436.0,49.0,Thyrocare,Online Store,Pfizer
2023-10-10 00:00:00,922.0,830.0,92.0,Thyrocare,Retail Store,Pfizer
2023-10-10 00:00:00,312.0,282.0,30.0,Virustop,Chain Store,Merck
2023-10-10 00:00:00,359.0,318.0,41.0,Virustop,Online Store,Merck
2023-10-10 00:00:00,507.0,461.0,46.0,Virustop,Retail Store,Merck
2023-10-17 00:00:00,70.0,113.0,43.0,AntifungalY,Chain Store,Bayer
2023-10-17 00:00:00,363.0,592.0,229.0,AntifungalY,Online Store,Bayer
2023-10-17 00:00:00,295.0,480.0,185.0,AntifungalY,Retail Store,Bayer
2023-10-17 00:00:00,263.0,428.0,165.0,Bronchosafe,Chain Store,Bayer
2023-10-17 00:00:00,286.0,476.0,190.0,Bronchosafe,Online Store,Bayer
2023-10-17 00:00:00,406.0,670.0,264.0,Bronchosafe,Retail Store,Bayer
2023-10-17 00:00:00,214.0,347.0,133.0,Cancerend,Chain Store,Bayer
2023-10-17 00:00:00,399.0,653.0,254.0,Cancerend,Online Store,Bayer
2023-10-17 00:00:00,773.0,1264.0,491.0,Cancerend,Retail Store,Bayer
2023-10-17 00:00:00,117.0,191.0,74.0,Cardioplus,Chain Store,Bayer
2023-10-17 00:00:00,234.0,377.0,143.0,Cardioplus,Online Store,Bayer
2023-10-17 00:00:00,193.0,315.0,122.0,Cardioplus,Retail Store,Bayer
2023-10-17 00:00:00,120.0,195.0,75.0,Cardiox,Chain Store,Bayer
2023-10-17 00:00:00,239.0,384.0,145.0,Cardiox,Online Store,Bayer
2023-10-17 00:00:00,197.0,321.0,124.0,Cardiox,Retail Store,Bayer
2023-10-17 00:00:00,359.0,606.0,247.0,Dermacil,Chain Store,Merck
2023-10-17 00:00:00,295.0,506.0,211.0,Dermacil,Online Store,Merck
2023-10-17 00:00:00,226.0,384.0,158.0,Dermacil,Retail Store,Merck
2023-10-17 00:00:00,366.0,619.0,253.0,Dermaglow,Chain Store,Merck
2023-10-17 00:00:00,295.0,506.0,211.0,Dermaglow,Online Store,Merck
2023-10-17 00:00:00,226.0,384.0,158.0,Dermaglow,Retail Store,Merck
2023-10-17 00:00:00,400.0,619.0,219.0,Diabecheck,Chain Store,Merck
2023-10-17 00:00:00,377.0,580.0,203.0,Diabecheck,Online Store,Merck
2023-10-17 00:00:00,467.0,722.0,255.0,Diabecheck,Retail Store,Merck
2023-10-17 00:00:00,400.0,619.0,219.0,Diabetrol,Chain Store,Merck
2023-10-17 00:00:00,369.0,568.0,199.0,Diabetrol,Online Store,Merck
2023-10-17 00:00:00,467.0,722.0,255.0,Diabetrol,Retail Store,Merck
2023-10-17 00:00:00,70.0,113.0,43.0,Fungistop,Chain Store,Merck
2023-10-17 00:00:00,363.0,592.0,229.0,Fungistop,Online Store,Merck
2023-10-17 00:00:00,290.0,471.0,181.0,Fungistop,Retail Store,Merck
2023-10-17 00:00:00,402.0,672.0,270.0,Hepafix,Chain Store,Merck
2023-10-17 00:00:00,262.0,439.0,177.0,Hepafix,Online Store,Merck
2023-10-17 00:00:00,363.0,606.0,243.0,Hepafix,Retail Store,Merck
2023-10-17 00:00:00,394.0,659.0,265.0,Hepaheal,Chain Store,Pfizer
2023-10-17 00:00:00,257.0,430.0,173.0,Hepaheal,Online Store,Pfizer
2023-10-17 00:00:00,371.0,618.0,247.0,Hepaheal,Retail Store,Pfizer
2023-10-17 00:00:00,263.0,428.0,165.0,Immunoboost,Chain Store,Pfizer
2023-10-17 00:00:00,281.0,467.0,186.0,Immunoboost,Online Store,Pfizer
2023-10-17 00:00:00,398.0,657.0,259.0,Immunoboost,Retail Store,Pfizer
2023-10-17 00:00:00,263.0,428.0,165.0,Immunomax,Chain Store,Pfizer
2023-10-17 00:00:00,281.0,467.0,186.0,Immunomax,Online Store,Pfizer
2023-10-17 00:00:00,406.0,670.0,264.0,Immunomax,Retail Store,Pfizer
2023-10-17 00:00:00,210.0,340.0,130.0,Neurofix,Chain Store,Pfizer
2023-10-17 00:00:00,391.0,640.0,249.0,Neurofix,Online Store,Pfizer
2023-10-17 00:00:00,773.0,1264.0,491.0,Neurofix,Retail Store,Pfizer
2023-10-17 00:00:00,380.0,623.0,243.0,Osteofix,Chain Store,Pfizer
2023-10-17 00:00:00,222.0,365.0,143.0,Osteofix,Online Store,Pfizer
2023-10-17 00:00:00,297.0,489.0,192.0,Osteofix,Retail Store,Pfizer
2023-10-17 00:00:00,372.0,611.0,239.0,Osteogrow,Chain Store,Pfizer
2023-10-17 00:00:00,218.0,358.0,140.0,Osteogrow,Online Store,Pfizer
2023-10-17 00:00:00,291.0,479.0,188.0,Osteogrow,Retail Store,Pfizer
2023-10-17 00:00:00,117.0,191.0,74.0,Paingelix,Chain Store,Bayer
2023-10-17 00:00:00,239.0,384.0,145.0,Paingelix,Online Store,Bayer
2023-10-17 00:00:00,197.0,321.0,124.0,Paingelix,Retail Store,Bayer
2023-10-17 00:00:00,210.0,340.0,130.0,Thyrocare,Chain Store,Pfizer
2023-10-17 00:00:00,399.0,653.0,254.0,Thyrocare,Online Store,Pfizer
2023-10-17 00:00:00,759.0,1239.0,480.0,Thyrocare,Retail Store,Pfizer
2023-10-17 00:00:00,258.0,420.0,162.0,Virustop,Chain Store,Merck
2023-10-17 00:00:00,281.0,467.0,186.0,Virustop,Online Store,Merck
2023-10-17 00:00:00,406.0,670.0,264.0,Virustop,Retail Store,Merck
2023-10-24 00:00:00,75.0,78.0,3.0,AntifungalY,Chain Store,Bayer
2023-10-24 00:00:00,388.0,410.0,22.0,AntifungalY,Online Store,Bayer
2023-10-24 00:00:00,316.0,332.0,16.0,AntifungalY,Retail Store,Bayer
2023-10-24 00:00:00,283.0,289.0,6.0,Bronchosafe,Chain Store,Bayer
2023-10-24 00:00:00,316.0,328.0,12.0,Bronchosafe,Online Store,Bayer
2023-10-24 00:00:00,434.0,467.0,33.0,Bronchosafe,Retail Store,Bayer
2023-10-24 00:00:00,229.0,229.0,0.0,Cancerend,Chain Store,Bayer
2023-10-24 00:00:00,428.0,436.0,8.0,Cancerend,Online Store,Bayer
2023-10-24 00:00:00,829.0,841.0,12.0,Cancerend,Retail Store,Bayer
2023-10-24 00:00:00,126.0,126.0,0.0,Cardioplus,Chain Store,Bayer
2023-10-24 00:00:00,248.0,248.0,0.0,Cardioplus,Online Store,Bayer
2023-10-24 00:00:00,207.0,208.0,1.0,Cardioplus,Retail Store,Bayer
2023-10-24 00:00:00,129.0,128.0,1.0,Cardiox,Chain Store,Bayer
2023-10-24 00:00:00,253.0,253.0,0.0,Cardiox,Online Store,Bayer
2023-10-24 00:00:00,212.0,212.0,0.0,Cardiox,Retail Store,Bayer
2023-10-24 00:00:00,383.0,371.0,12.0,Dermacil,Chain Store,Merck
2023-10-24 00:00:00,319.0,331.0,12.0,Dermacil,Online Store,Merck
2023-10-24 00:00:00,243.0,242.0,1.0,Dermacil,Retail Store,Merck
2023-10-24 00:00:00,391.0,379.0,12.0,Dermaglow,Chain Store,Merck
2023-10-24 00:00:00,319.0,331.0,12.0,Dermaglow,Online Store,Merck
2023-10-24 00:00:00,243.0,242.0,1.0,Dermaglow,Retail Store,Merck
2023-10-24 00:00:00,434.0,421.0,13.0,Diabecheck,Chain Store,Merck
2023-10-24 00:00:00,409.0,395.0,14.0,Diabecheck,Online Store,Merck
2023-10-24 00:00:00,507.0,491.0,16.0,Diabecheck,Retail Store,Merck
2023-10-24 00:00:00,434.0,421.0,13.0,Diabetrol,Chain Store,Merck
2023-10-24 00:00:00,401.0,387.0,14.0,Diabetrol,Online Store,Merck
2023-10-24 00:00:00,507.0,491.0,16.0,Diabetrol,Retail Store,Merck
2023-10-24 00:00:00,75.0,78.0,3.0,Fungistop,Chain Store,Merck
2023-10-24 00:00:00,388.0,410.0,22.0,Fungistop,Online Store,Merck
2023-10-24 00:00:00,309.0,326.0,17.0,Fungistop,Retail Store,Merck
2023-10-24 00:00:00,447.0,452.0,5.0,Hepafix,Chain Store,Merck
2023-10-24 00:00:00,292.0,295.0,3.0,Hepafix,Online Store,Merck
2023-10-24 00:00:00,405.0,405.0,0.0,Hepafix,Retail Store,Merck
2023-10-24 00:00:00,438.0,443.0,5.0,Hepaheal,Chain Store,Pfizer
2023-10-24 00:00:00,286.0,289.0,3.0,Hepaheal,Online Store,Pfizer
2023-10-24 00:00:00,414.0,414.0,0.0,Hepaheal,Retail Store,Pfizer
2023-10-24 00:00:00,283.0,289.0,6.0,Immunoboost,Chain Store,Pfizer
2023-10-24 00:00:00,310.0,322.0,12.0,Immunoboost,Online Store,Pfizer
2023-10-24 00:00:00,426.0,458.0,32.0,Immunoboost,Retail Store,Pfizer
2023-10-24 00:00:00,283.0,289.0,6.0,Immunomax,Chain Store,Pfizer
2023-10-24 00:00:00,310.0,322.0,12.0,Immunomax,Online Store,Pfizer
2023-10-24 00:00:00,434.0,467.0,33.0,Immunomax,Retail Store,Pfizer
2023-10-24 00:00:00,224.0,225.0,1.0,Neurofix,Chain Store,Pfizer
2023-10-24 00:00:00,419.0,427.0,8.0,Neurofix,Online Store,Pfizer
2023-10-24 00:00:00,829.0,841.0,12.0,Neurofix,Retail Store,Pfizer
2023-10-24 00:00:00,402.0,408.0,6.0,Osteofix,Chain Store,Pfizer
2023-10-24 00:00:00,236.0,237.0,1.0,Osteofix,Online Store,Pfizer
2023-10-24 00:00:00,314.0,317.0,3.0,Osteofix,Retail Store,Pfizer
2023-10-24 00:00:00,394.0,399.0,5.0,Osteogrow,Chain Store,Pfizer
2023-10-24 00:00:00,231.0,233.0,2.0,Osteogrow,Online Store,Pfizer
2023-10-24 00:00:00,308.0,311.0,3.0,Osteogrow,Retail Store,Pfizer
2023-10-24 00:00:00,126.0,126.0,0.0,Paingelix,Chain Store,Bayer
2023-10-24 00:00:00,253.0,253.0,0.0,Paingelix,Online Store,Bayer
2023-10-24 00:00:00,212.0,212.0,0.0,Paingelix,Retail Store,Bayer
2023-10-24 00:00:00,224.0,225.0,1.0,Thyrocare,Chain Store,Pfizer
2023-10-24 00:00:00,428.0,436.0,8.0,Thyrocare,Online Store,Pfizer
2023-10-24 00:00:00,814.0,824.0,10.0,Thyrocare,Retail Store,Pfizer
2023-10-24 00:00:00,277.0,283.0,6.0,Virustop,Chain Store,Merck
2023-10-24 00:00:00,310.0,322.0,12.0,Virustop,Online Store,Merck
2023-10-24 00:00:00,434.0,467.0,33.0,Virustop,Retail Store,Merck
