product_picture_right_left,product_id_left,product_id_right,title_orig_left,title_right,SKU,Store,product_color_right,product_variation_size_id_right,merchant_title_left,merchant_name_left,product_variation_inventory_right,product_url_right,shipping_option_name_right,shipping_option_price_right,shipping_is_express_right,countries_shipped_to_right,inventory_total_right,has_urgency_banner_right,urgency_text_right,origin_country_right,theme_right,price_right,retail_price_right,currency_buyer_right,units_sold_right,uses_ad_boosts_right,badges_count_right,badge_local_product_right,badge_product_quality_right,badge_fast_shipping_right,rating_right,rating_count_right,rating_five_count_right,rating_four_count_right,rating_three_count_right,rating_two_count_right,rating_one_count_right,merchant_info_subtitle_left,merchant_rating_count_left,merchant_rating_left,merchant_id_left,merchant_has_profile_picture_left,merchant_profile_picture_left
https://i.postimg.cc/d1cYkM7K/01-A-stethoscope-commonly-used-by-doctors-and-medical-professionals-for-listening-to-internal-sound.png,5e9ae51d43d6a96e303acdb0,5e9ae51d43d6a96e303acdb0,"Stethoscope - A device used for listening to internal sounds in the body, commonly used for listening to heart and lung sounds.","Un appareil utilisÃÂÃÂ© pour ÃÂÃÂ©couter les sons internes du corps, couramment utilisÃÂÃÂ© pour ÃÂÃÂ©couter les bruits cardiaques et pulmonaires.",1,1,white,M,zgrdejia,zgrdejia,50,https://www.wish.com/c/5e9ae51d43d6a96e303acdb0,Livraison standard,4,0,34,50,1.0,QuantitÃÂÃÂ© limitÃÂÃÂ©e !,CN,summer,16.0,14,EUR,100,0,0,0,0,0,3.76,54,26.0,8.0,10.0,1.0,9.0,(568 notes),568,4.13,595097d6a26f6e070cb878d1,0,
https://i.postimg.cc/ydhz0f93/02-A-medical-thermometer-used-for-measuring-body-temperature-The-thermometer-should-be-shown-in-cl.png,5ec49d527d7044ccfa3f1c04,5ec49d527d7044ccfa3f1c04,Thermometer - An instrument used to measure body temperature.,Un instrument utilisÃÂÃÂ© pour mesurer la tempÃÂÃÂ©rature corporelle.,10,1,lightblue,XS,lanniesdesign,lanniesdesign,2,https://www.wish.com/c/5ec49d527d7044ccfa3f1c04,Livraison standard,2,0,40,50,1.0,QuantitÃÂÃÂ© limitÃÂÃÂ©e !,CN,summer,6.0,8,EUR,100,1,0,0,0,0,3.31,13,3.0,4.0,3.0,0.0,3.0,"84 % avis positifs (3,515 notes)",3515,3.98,56cd27b048e91e13aa3986e4,0,
https://i.postimg.cc/KjJSHR0Z/03-A-sphygmomanometer-a-device-used-for-measuring-blood-pressure-The-image-should-show-the-sphygmo.png,5e9da39dc737cf255eddd4bf,5e9da39dc737cf255eddd4bf,Sphygmomanometer - A device used to measure blood pressure.,Un appareil utilisÃÂÃÂ© pour mesurer la pression artÃÂÃÂ©rielle.,11,1,orange,XS,easymarket,easymarket,1,https://www.wish.com/c/5e9da39dc737cf255eddd4bf,Envio PadrÃÂÃÂ£o,1,0,38,50,,,CN,summer,1.91,6,EUR,1000,1,0,0,0,0,3.45,141,49.0,29.0,24.0,14.0,25.0,87% Feedback positivo (557 classificaÃÂÃÂ§ÃÂÃÂµes),557,4.12,5d3c419de4b65d4fb81e7286,0,
https://i.postimg.cc/qqkHw8Xb/04-An-otoscope-a-tool-used-for-examining-the-ear-canal-The-image-should-display-the-otoscope-with.png,5d1db3c0e2b5cc0f74e091af,5d1db3c0e2b5cc0f74e091af,Otoscope - A tool used for visual examination of the ear canal and eardrum.,Un outil utilisÃÂÃÂ© pour l'examen visuel du canal auditif et du tympan.,12,1,red,S,Molesfashion,molesfashion,50,https://www.wish.com/c/5d1db3c0e2b5cc0f74e091af,Livraison standard,2,0,43,50,,,CN,summer,5.79,42,EUR,1000,0,0,0,0,0,3.32,121,36.0,24.0,23.0,19.0,19.0,"83 % avis positifs (5,083 notes)",5083,3.95,566eaa533a698c6442549a74,0,
https://i.postimg.cc/ZYcSRM41/05-An-ophthalmoscope-an-instrument-for-inspecting-the-retina-and-other-parts-of-the-eye-The-image.png,5c85d47641ec3b55d4d14f79,5c85d47641ec3b55d4d14f79,Ophthalmoscope - An instrument for inspecting the retina and other parts of the eye.,Un instrument pour inspecter la rÃÂÃÂ©tine et d'autres parties de l'ÃÂÃÂil.,13,1,Black,S,Petha's boutique,pethasboutique,50,https://www.wish.com/c/5c85d47641ec3b55d4d14f79,Livraison standard,3,0,41,50,,,CN,summer,11.0,81,EUR,1000,0,0,0,0,0,3.92,426,204.0,94.0,62.0,21.0,45.0,"86 % avis positifs (39,381 notes)",39381,4.07,566012f6769a5629aefca555,0,
https://i.postimg.cc/HskC79Lj/06-An-ECG-Electrocardiogram-Machine-used-in-medical-settings-to-record-the-electrical-activity-of.png,57416238fc6f7d5d698f3c9f,57416238fc6f7d5d698f3c9f,ECG (Electrocardiogram) Machine - Used to record the electrical activity of the heart over a period of time.,UtilisÃÂÃÂ© pour enregistrer l'activitÃÂÃÂ© ÃÂÃÂ©lectrique du cÃÂÃÂur sur une pÃÂÃÂ©riode de temps.,14,1,green,S,uranus,hongkonghaijietradecolimited,50,https://www.wish.com/c/57416238fc6f7d5d698f3c9f,Livraison standard,3,0,69,50,,,CN,summer,11.0,10,EUR,5000,0,0,0,0,0,3.84,1183,506.0,274.0,216.0,81.0,106.0,"91 % avis positifs (23,609 notes)",23609,4.26,5576bb43de4a8c24953ae98f,0,
https://i.postimg.cc/xTpVGNk5/07-An-Ultrasound-Machine-typically-used-in-medical-diagnostics-to-create-images-of-the-inside-of-th.png,5e1056784fff5f26e6f1745d,5e1056784fff5f26e6f1745d,Ultrasound Machine - Utilizes high-frequency sound waves to create images of the inside of the body.,Utilise des ondes sonores ÃÂÃÂ  haute frÃÂÃÂ©quence pour crÃÂÃÂ©er des images de l'intÃÂÃÂ©rieur du corps.,16,1,armygreen,S,huaxianglarou,huaxianglarou,2,https://www.wish.com/c/5e1056784fff5f26e6f1745d,Livraison standard,2,0,51,50,,,CN,summer,11.0,26,EUR,1000,0,0,0,0,0,3.38,72,27.0,11.0,11.0,8.0,15.0,"90 % avis positifs (4,516 notes)",4516,4.23,5ae93337d204cc177313f242,0,
https://i.postimg.cc/7ZC8KP0k/08-An-X-ray-Machine-used-for-taking-radiographs-to-view-the-internal-structure-of-the-body-The-ima.png,5e5e09065b03ef0b420f333f,5e5e09065b03ef0b420f333f,X-ray Machine - Used for radiography to view the internal structure of an object.,UtilisÃÂÃÂ©e pour la radiographie afin de visualiser la structure interne d'un objet.,17,1,pink,XS,Memo2,memo2,50,https://www.wish.com/c/5e5e09065b03ef0b420f333f,Livraison standard,1,0,41,50,,,CN,summer,1.74,2,EUR,100,1,0,0,0,0,4.25,12,7.0,3.0,1.0,0.0,1.0,"81 % avis positifs (18,138 notes)",18138,3.83,58ba636a69ad29505a730852,0,
https://i.postimg.cc/Sxw030fz/09-An-MRI-Scanner-a-medical-imaging-machine-used-for-scanning-and-producing-detailed-images-of-the.png,5cae1d6c836ecb39e57e9e80,5cae1d6c836ecb39e57e9e80,MRI Scanner - Employs magnetic fields and radio waves to create detailed images of the organs and tissues.,Utilise des champs magnÃÂÃÂ©tiques et des ondes radio pour crÃÂÃÂ©er des images dÃÂÃÂ©taillÃÂÃÂ©es des organes et des tissus.,19,1,yellow,S,Sangboo Store,sangboostore,50,https://www.wish.com/c/5cae1d6c836ecb39e57e9e80,Standart GÃÂÃÂ¶nderi,3,0,45,50,,,CN,summer,9.0,8,EUR,10000,0,0,0,0,0,3.8,1231,555.0,240.0,211.0,87.0,138.0,"(10,600 derece)",10600,3.87,582833faea77701b456c786a,0,
https://i.postimg.cc/VNnyc7KZ/10-A-CT-Scanner-also-known-as-a-CAT-scan-machine-used-in-medical-facilities-for-detailed-cross-sec.png,58940d436a0d3d5da4e95a38,58940d436a0d3d5da4e95a38,CT Scanner - Uses X-rays and computer technology to create cross-sectional images of the body.,Utilise des rayons X et la technologie informatique pour crÃÂÃÂ©er des images en coupe du corps.,2,1,green,XS,SaraHouse,sarahouse,50,https://www.wish.com/c/58940d436a0d3d5da4e95a38,Livraison standard,2,0,41,50,1.0,QuantitÃÂÃÂ© limitÃÂÃÂ©e !,CN,summer,8.0,22,EUR,20000,1,0,0,0,0,3.45,6135,2269.0,1027.0,1118.0,644.0,1077.0,"83 % avis positifs (17,752 notes)",17752,3.9,56458aa03a698c35c9050988,0,
https://i.postimg.cc/50Vh9wG4/11-A-Spirometer-a-respiratory-measurement-device-used-to-test-lung-function-The-image-should-showc.png,5eb4dcebdaa4b90940076979,5eb4dcebdaa4b90940076979,Spirometer - Measures the air capacity of the lungs.,Mesure la capacitÃÂÃÂ© d'air des poumons.,20,1,blue,S,Unnistore,unnistore,50,https://www.wish.com/c/5eb4dcebdaa4b90940076979,Livraison standard,3,0,40,50,,,CN,summer,8.0,17,EUR,100,1,0,0,0,0,2.75,8,2.0,0.0,3.0,0.0,3.0,"85 % avis positifs (47,981 notes)",47981,4.03,5684eae9daaaee26a0fdadba,0,
https://i.postimg.cc/267P11R4/12-A-Glucometer-a-medical-device-for-determining-the-approximate-concentration-of-glucose-in-the-bl.png,5e7adc5458a95b3323a3c6eb,5e7adc5458a95b3323a3c6eb,Glucometer - A device for measuring the level of glucose in the blood.,Un appareil pour mesurer le niveau de glucose dans le sang.,21,1,armygreen,XS,Cuetaes,cuetaes,1,https://www.wish.com/c/5e7adc5458a95b3323a3c6eb,Livraison standard,1,0,43,50,,,CN,summer,5.8,8,EUR,100,1,0,0,0,0,3.83,6,3.0,1.0,1.0,0.0,1.0,"83 % avis positifs (16,741 notes)",16741,3.92,55dc3dcd8950c811f73a48a4,0,
https://i.postimg.cc/pVkwx5Bv/13-A-Pulse-Oximeter-a-non-invasive-device-that-monitors-the-oxygen-saturation-of-a-patient-s-blood.png,5d2fd5a9af7a0c5b21369a05,5d2fd5a9af7a0c5b21369a05,Pulse Oximeter - Used to measure the oxygen saturation of the blood.,UtilisÃÂÃÂ© pour mesurer la saturation en oxygÃÂÃÂ¨ne du sang.,22,1,pink,S,Oucho co. ltd.,ouchocoltd,50,https://www.wish.com/c/5d2fd5a9af7a0c5b21369a05,Livraison standard,3,0,41,50,1.0,QuantitÃÂÃÂ© limitÃÂÃÂ©e !,CN,summer,13.0,13,EUR,1000,0,1,0,1,0,4.16,138,82.0,27.0,10.0,7.0,12.0,"85 % avis positifs (12,913 notes)",12913,3.98,55ed5a3362e273427107759e,1,https://s3-us-west-1.amazonaws.com/sweeper-production-merchantimage/dp_55ed5a3362e273427107759e.jpg
https://i.postimg.cc/Xq2mgtvq/14-A-Laryngoscope-a-medical-device-used-during-intubation-to-obtain-a-view-of-the-vocal-folds-and-t.png,556fbe8595528719e004fa27,556fbe8595528719e004fa27,Laryngoscope - An instrument used to examine the larynx.,Un instrument utilisÃÂÃÂ© pour examiner le larynx.,23,1,black,L,Fashionshow68,ÃÂ¥ÃÂ¹ÃÂ¿ÃÂ¥ÃÂ·ÃÂÃÂ¤ÃÂ¹ÃÂÃÂ¨ÃÂÃÂÃÂ¦ÃÂÃÂÃÂ©ÃÂ¥ÃÂ°ÃÂ¦ÃÂÃÂÃÂ©ÃÂÃÂÃÂ¥ÃÂÃÂ¬ÃÂ¥ÃÂÃÂ¸,50,https://www.wish.com/c/556fbe8595528719e004fa27,Livraison standard,3,0,40,50,,,CN,summer,9.0,81,EUR,50000,0,1,0,1,0,4.26,5359,3111.0,1172.0,650.0,204.0,222.0,"88 % avis positifs (59,198 notes)",59198,4.11,54bcaabb39b8c00b482a115f,0,
https://i.postimg.cc/wTvSBxWm/15-A-Blood-Pressure-Monitor-a-device-used-to-measure-blood-pressure-typically-consisting-of-a-cuff.png,5ea7e2d999ecf941204c42ee,5ea7e2d999ecf941204c42ee,Blood Pressure Monitor - A device to measure blood pressure.,Un appareil pour mesurer la pression artÃÂÃÂ©rielle.,24,1,black,S,baijupingshop,baijupingshop,50,https://www.wish.com/c/5ea7e2d999ecf941204c42ee,Standardversand,3,0,22,50,,,CN,summer,12.0,14,EUR,100,1,0,0,0,0,3.79,24,11.0,6.0,2.0,1.0,4.0,87% Positives Feedback (196 Bewertungen),196,4.02,5e5c7c2c77179e31406eece1,0,
https://i.postimg.cc/02BhKg3H/16-An-Endoscope-a-medical-instrument-used-to-examine-the-interior-of-a-hollow-organ-or-cavity-of-th.png,5e702eb03aa1f42076ffabc9,5e702eb03aa1f42076ffabc9,"Endoscope - A flexible tube with a light and camera attached to it, used to look inside the body.","Un tube flexible avec une lumiÃÂÃÂ¨re et une camÃÂÃÂ©ra attachÃÂÃÂ©e, utilisÃÂÃÂ© pour regarder ÃÂÃÂ  l'intÃÂÃÂ©rieur du corps.",25,1,grey,XS,wuewi,wuewi,2,https://www.wish.com/c/5e702eb03aa1f42076ffabc9,Livraison standard,1,0,24,50,1.0,QuantitÃÂÃÂ© limitÃÂÃÂ©e !,CN,summer,3.69,40,EUR,100,0,0,0,0,0,3.53,59,22.0,11.0,12.0,4.0,10.0,"93 % avis positifs (10,917 notes)",10917,4.36,58501ac7b9e3474c9f4b2afd,0,
https://i.postimg.cc/y83tFQC6/17-A-Defibrillator-a-device-used-to-deliver-a-dose-of-electric-current-to-the-heart-The-image-shou.png,57d3bc906cfeb9135f44ded5,57d3bc906cfeb9135f44ded5,Defibrillator - A device that delivers a dose of electric current to the heart to treat life-threatening cardiac dysrhythmias.,Un appareil qui dÃÂÃÂ©livre une dose de courant ÃÂÃÂ©lectrique au cÃÂÃÂur pour traiter les dysrythmies cardiaques potentiellement mortelles.,26,1,white,,Brittany,brittany,50,https://www.wish.com/c/57d3bc906cfeb9135f44ded5,Livraison standard,1,0,63,50,1.0,QuantitÃÂÃÂ© limitÃÂÃÂ©e !,CN,summer,5.0,5,EUR,10000,1,1,1,0,0,3.82,3208,1467.0,607.0,558.0,241.0,335.0,"89 % avis positifs (27,055 notes)",27055,4.15,56e6928521790d587623b3b4,0,
https://i.postimg.cc/hGFwMLKL/18-A-Pacemaker-a-small-device-that-s-placed-in-the-chest-or-abdomen-to-help-control-abnormal-heart.png,5af6bc9c13927d50370db58a,5af6bc9c13927d50370db58a,Pacemaker - A medical device that uses electrical impulses to regulate the beating of the heart.,Un dispositif mÃÂÃÂ©dical qui utilise des impulsions ÃÂÃÂ©lectriques pour rÃÂÃÂ©guler les battements du cÃÂÃÂur.,27,1,red & blue,S,Knights,knights,50,https://www.wish.com/c/5af6bc9c13927d50370db58a,Livraison standard,3,0,32,50,,,CN,summer,13.0,50,EUR,1000,0,0,0,0,0,4.03,855,451.0,165.0,120.0,51.0,68.0,"87 % avis positifs (9,136 notes)",9136,4.09,57108cd6a995b507211ef8fb,1,https://s3-us-west-1.amazonaws.com/sweeper-production-merchantimage/dp_57108cd6a995b507211ef8fb.jpg
https://i.postimg.cc/ZqrQQWq1/19-An-Audiometer-a-machine-used-for-evaluating-hearing-acuity-The-image-should-feature-the-audiome.png,5d1573a55a16864c5de706ab,5d1573a55a16864c5de706ab,Audiometer - Used to evaluate hearing acuity.,UtilisÃÂÃÂ© pour ÃÂÃÂ©valuer l'acuitÃÂÃÂ© auditive.,28,1,white,S,fengjinying,fengjinying,50,https://www.wish.com/c/5d1573a55a16864c5de706ab,Livraison standard,3,0,24,50,1.0,QuantitÃÂÃÂ© limitÃÂÃÂ©e !,CN,summer,9.0,8,EUR,10000,0,0,0,0,0,3.18,1783,535.0,289.0,344.0,189.0,426.0,"(10,474 notes)",10474,3.91,5b160017daac45594728d9ba,0,
https://i.postimg.cc/bJp5fqDd/20-A-Tonometer-an-instrument-used-to-measure-the-pressure-inside-the-eye-referred-to-as-intraocula.png,5c9212fc8de79667e3c7ca59,5c9212fc8de79667e3c7ca59,"Tonometer - Measures the pressure inside the eye, used for glaucoma testing.","Mesure la pression ÃÂÃÂ  l'intÃÂÃÂ©rieur de l'ÃÂÃÂil, utilisÃÂÃÂ© pour le dÃÂÃÂ©pistage du glaucome.",29,1,black,S,enjoy the sunshine,enjoythesunshine,50,https://www.wish.com/c/5c9212fc8de79667e3c7ca59,Livraison standard,2,0,45,50,1.0,QuantitÃÂÃÂ© limitÃÂÃÂ©e !,CN,summer,7.0,6,EUR,100,0,0,0,0,0,3.8,61,28.0,11.0,12.0,2.0,8.0,"(139,607 notes)",139607,4.22,59257409b674b15e8191b8de,0,
https://i.postimg.cc/fLCrw1mC/21-An-Electroencephalogram-EEG-Machine-used-to-record-electrical-activity-of-the-brain-The-image.png,5ea10e2c617580260d55310a,5ea10e2c617580260d55310a,Electroencephalogram (EEG) Machine - Used to record the electrical activity of the brain.,UtilisÃÂÃÂ© pour enregistrer l'activitÃÂÃÂ© ÃÂÃÂ©lectrique du cerveau.,3,1,leopardprint,XS,hxt520,hxt520,1,https://www.wish.com/c/5ea10e2c617580260d55310a,Livraison standard,3,0,36,50,1.0,QuantitÃÂÃÂ© limitÃÂÃÂ©e !,CN,summer,8.0,43,EUR,100,0,0,0,0,0,3.57,14,5.0,4.0,2.0,0.0,3.0,86 % avis positifs (295 notes),295,3.99,5d464a1ffdf7bc44ee933c65,0,
https://i.postimg.cc/MHGrXtYS/22-A-Nebulizer-a-drug-delivery-device-used-to-administer-medication-in-the-form-of-a-mist-inhaled-i.png,5ea2877224b9643185e52b58,5ea2877224b9643185e52b58,Nebulizer - Converts liquid medication into a mist to be inhaled into the lungs.,Convertit un mÃÂÃÂ©dicament liquide en une brume ÃÂÃÂ  inhaler dans les poumons.,30,1,white,S,chentengying,chentengying,50,https://www.wish.com/c/5ea2877224b9643185e52b58,Livraison standard,2,0,34,50,1.0,QuantitÃÂÃÂ© limitÃÂÃÂ©e !,CN,summer,11.0,20,EUR,100,0,0,0,0,0,3.43,14,5.0,3.0,2.0,1.0,3.0,"89 % avis positifs (3,120 notes)",3120,4.17,5b0e27596b9302238a10c3f8,0,
https://i.postimg.cc/4yF2ct8h/23-A-Hemoglobinometer-a-device-used-to-measure-the-hemoglobin-level-in-blood-The-image-should-depi.png,5ee717cbcb636e7b8b597fc3,5ee717cbcb636e7b8b597fc3,Hemoglobinometer - Measures the concentration of hemoglobin in blood.,Mesure la concentration d'hÃÂÃÂ©moglobine dans le sang.,31,1,blue,XXS,Flora boutique,floraboutique,37,https://www.wish.com/c/5ee717cbcb636e7b8b597fc3,Livraison standard,1,0,41,50,,,CN,summer,1.0,11,EUR,1000,1,0,0,0,0,3.8,5,3.0,0.0,1.0,0.0,1.0,"81 % avis positifs (8,197 notes)",8197,3.86,5684ca0f73c0e02989b91cad,0,
https://i.postimg.cc/bY6B4czN/24-A-Biopsy-Needle-a-medical-instrument-used-to-take-a-sample-of-tissue-from-the-body-for-diagnosti.png,5ebb9faea86f7a4d86e2f6fb,5ebb9faea86f7a4d86e2f6fb,Biopsy Needle - A needle used to take a small piece of tissue for examination.,Une aiguille utilisÃÂÃÂ©e pour prÃÂÃÂ©lever un petit morceau de tissu pour examen.,32,1,white,s,chengyongbo64,cyb654,49,https://www.wish.com/c/5ebb9faea86f7a4d86e2f6fb,Livraison standard,2,0,25,50,1.0,QuantitÃÂÃÂ© limitÃÂÃÂ©e !,CN,summer,11.0,60,EUR,1000,1,0,0,0,0,3.38,37,15.0,3.0,9.0,1.0,9.0,85 % avis positifs (703 notes),703,3.96,5e5363458cd99e4035bcd1c8,0,
https://i.postimg.cc/ncCPJRzK/25-A-Fundus-Camera-a-specialized-low-power-microscope-with-an-attached-camera-designed-to-photograp.png,5ceb62be9795ee4693f2cd00,5ceb62be9795ee4693f2cd00,"Fundus Camera - Used for photographing the interior surface of the eye, including the retina.","UtilisÃÂÃÂ©e pour photographier la surface intÃÂÃÂ©rieure de l'ÃÂÃÂil, y compris la rÃÂÃÂ©tine.",33,1,blue & pink,L,WOW BANG,wowbang,50,https://www.wish.com/c/5ceb62be9795ee4693f2cd00,EnvÃÂÃÂ­o normal,3,0,33,50,,,CN,summer,9.0,8,EUR,5000,1,0,0,0,0,4.03,889,464.0,178.0,126.0,52.0,69.0,"87% retroalimentaciÃÂÃÂ³n positiva (16,013 calificaciones)",16013,4.11,5c51b9b468178729c4213657,0,
https://i.postimg.cc/K8TpK1tR/27-A-Bone-Densitometer-also-known-as-a-DXA-machine-which-is-used-to-measure-bone-mineral-density.png,5c879aba202e6b38cd317164,5c879aba202e6b38cd317164,Bone Densitometer - Measures bone mineral density for osteoporosis diagnosis.,Mesure la densitÃÂÃÂ© minÃÂÃÂ©rale osseuse pour le diagnostic de l'ostÃÂÃÂ©oporose.,35,1,orange,S,Fashion Trend Line,ÃÂ¦ÃÂ³ÃÂ·ÃÂ§ÃÂ¿ÃÂ,50,https://www.wish.com/c/5c879aba202e6b38cd317164,Livraison standard,3,0,41,50,1.0,QuantitÃÂÃÂ© limitÃÂÃÂ©e !,CN,summer,9.0,8,EUR,5000,0,0,0,0,0,4.06,743,400.0,142.0,103.0,45.0,53.0,"85 % avis positifs (20,681 notes)",20681,4.0,5660e53e769a564b3e3aeca0,1,https://s3-us-west-1.amazonaws.com/sweeper-production-merchantimage/dp_5660e53e769a564b3e3aeca0.jpg
https://i.postimg.cc/9fj8ycB1/28-A-Colposcope-a-medical-diagnostic-tool-to-visually-examine-the-cervix-vagina-and-vulva-for-sig.png,5ed1b644b1e34008ce012d4b,5ed1b644b1e34008ce012d4b,"Colposcope - A microscope used to examine the cervix, vagina, and vulva.","Un microscope utilisÃÂÃÂ© pour examiner le col de l'utÃÂÃÂ©rus, le vagin et la vulve.",36,1,white & green,XS,zhuangyuping1,zhuangyuping1,5,https://www.wish.com/c/5ed1b644b1e34008ce012d4b,Livraison standard,2,0,23,50,,,CN,summer,6.0,6,EUR,100,0,0,0,0,0,4.0,8,5.0,0.0,1.0,2.0,0.0,79 % avis positifs (127 notes),127,3.87,5eb51ed929e7865dc268a561,0,
https://i.postimg.cc/rpChJ7nT/29-A-PET-Scanner-Positron-Emission-Tomography-a-sophisticated-imaging-device-used-in-nuclear-medi.png,5d52b1d7314eb61030644375,5d52b1d7314eb61030644375,PET Scanner (Positron Emission Tomography) - Creates images of the body by detecting radiation emitted from a radioactive substance.,CrÃÂÃÂ©e des images du corps en dÃÂÃÂ©tectant les radiations ÃÂÃÂ©mises par une substance radioactive.,37,1,red,M,LeadTheFashion,zanzeaofficialstore,50,https://www.wish.com/c/5d52b1d7314eb61030644375,Livraison standard,2,0,40,50,,,CN,summer,11.0,68,EUR,1000,0,0,0,0,0,4.13,211,120.0,37.0,31.0,8.0,15.0,"90 % avis positifs (11,597 notes)",11597,4.22,5a4b4ab27dee4a057cca7429,0,
https://i.postimg.cc/k4JThwzb/30-A-Laparoscope-a-thin-long-tube-with-a-high-intensity-light-and-a-high-resolution-camera-at-the.png,5eba6ecb9a9e129fb97b5dfd,5eba6ecb9a9e129fb97b5dfd,Laparoscope - A small tube with a light and camera used for examining the abdominal cavity.,Un petit tube avec une lumiÃÂÃÂ¨re et une camÃÂÃÂ©ra utilisÃÂÃÂ© pour examiner la cavitÃÂÃÂ© abdominale.,38,1,khaki,XS,zufanqiudinli,zufanqiudinli,17,https://www.wish.com/c/5eba6ecb9a9e129fb97b5dfd,Livraison standard,1,0,33,50,,,CN,summer,5.0,38,EUR,50,1,0,0,0,0,5.0,2,2.0,0.0,0.0,0.0,0.0,88 % avis positifs (9 notes),9,3.67,5e4b6a0c57cc9b0b53e499a4,0,
https://i.postimg.cc/ydLLqcCr/31-A-Retinoscope-an-instrument-used-to-shine-light-into-a-patient-s-eye-to-observe-the-reflection-o.png,5cedf17ad1d44c52c59e4aca,5cedf17ad1d44c52c59e4aca,Retinoscope - Used to determine the refractive error of the eye and the required prescription for glasses.,UtilisÃÂÃÂ© pour dÃÂÃÂ©terminer l'erreur de rÃÂÃÂ©fraction de l'ÃÂÃÂil et la prescription nÃÂÃÂ©cessaire pour les lunettes.,4,1,black,M,allenfan,allenfan,50,https://www.wish.com/c/5cedf17ad1d44c52c59e4aca,Livraison standard,2,0,41,50,,,CN,summer,8.0,8,EUR,5000,1,0,0,0,0,4.03,579,295.0,119.0,87.0,42.0,36.0,"(23,832 notes)",23832,4.02,58cfdefdacb37b556efdff7c,0,
https://i.postimg.cc/rszQqs8y/32-An-Arthroscope-a-type-of-endoscope-that-is-inserted-into-the-joint-through-a-small-incision-for.png,5aec22cec25735338c544690,5aec22cec25735338c544690,Arthroscope - A type of endoscope inserted into joint spaces for diagnosis and treatment.,Un type d'endoscope insÃÂÃÂ©rÃÂÃÂ© dans les espaces articulaires pour le diagnostic et le traitement.,40,1,white,M,besagift,besagift,50,https://www.wish.com/c/5aec22cec25735338c544690,Livraison standard,2,0,25,50,,,CN,summer,11.0,10,EUR,5000,0,0,0,0,0,3.72,1008,447.0,201.0,135.0,81.0,144.0,"(61,895 notes)",61895,4.27,55e7e41e606d0a18fdfc67d1,1,https://s3-us-west-1.amazonaws.com/sweeper-production-merchantimage/dp_55e7e41e606d0a18fdfc67d1.jpg
https://i.postimg.cc/kGZwGC4Q/33-A-Microscope-a-laboratory-instrument-used-to-examine-objects-that-are-too-small-to-be-seen-easil.png,5ec5cf37cd3da70de19c3f18,5ec5cf37cd3da70de19c3f18,Microscope - An instrument used to see objects that are too small for the naked eye.,Un instrument utilisÃÂÃÂ© pour voir des objets trop petits pour ÃÂÃÂªtre vus ÃÂÃÂ  l'ÃÂÃÂil nu.,41,1,red,XS,lianlie,lianlie,4,https://www.wish.com/c/5ec5cf37cd3da70de19c3f18,Livraison standard,3,0,20,50,,,CN,summer,8.0,10,EUR,100,0,0,0,0,0,2.71,7,1.0,1.0,2.0,1.0,2.0,84 % avis positifs (224 notes),224,3.89,5eb8b5ebac21070efaf91c99,0,
https://i.postimg.cc/9XNLJdpD/34-A-Centrifuge-a-laboratory-device-used-for-the-separation-of-fluids-gas-or-liquid-based-on-den.png,5e940265ea3640c9ca0353aa,5e940265ea3640c9ca0353aa,Centrifuge - A machine that uses centrifugal force to separate substances of different densities.,Une machine qui utilise la force centrifuge pour sÃÂÃÂ©parer les substances de diffÃÂÃÂ©rentes densitÃÂÃÂ©s.,42,1,white,XXS,zaitaowanggou,zaitaowanggou,1,https://www.wish.com/c/5e940265ea3640c9ca0353aa,Livraison standard,1,0,40,50,,,CN,summer,2.0,9,EUR,100,0,0,0,0,0,3.47,32,11.0,6.0,5.0,7.0,3.0,"88 % avis positifs (4,856 notes)",4856,4.17,5710ac98b2d43a5925da8dd8,0,
https://i.postimg.cc/Prp2cC32/35-A-Flow-Cytometer-an-advanced-technology-used-to-analyze-the-physical-and-chemical-characteristic.png,5e86c211d22ae539102d25c7,5e86c211d22ae539102d25c7,Flow Cytometer - Used for analyzing the physical and chemical characteristics of particles in a fluid.,UtilisÃÂÃÂ© pour analyser les caractÃÂÃÂ©ristiques physiques et chimiques des particules dans un fluide.,44,1,winered,S,Aidos,aidos,50,https://www.wish.com/c/5e86c211d22ae539102d25c7,Livraison standard,3,0,41,50,,,CN,summer,8.0,22,EUR,100,1,0,0,0,0,3.74,47,24.0,5.0,6.0,6.0,6.0,"82 % avis positifs (50,593 notes)",50593,3.88,583d7475269aad1da3dc2294,0,
https://i.postimg.cc/65kYNBFw/36-A-Scalpel-a-small-and-extremely-sharp-bladed-instrument-used-for-surgery-dissection-and-art-T.png,5b0386696040cc41f2331c83,5b0386696040cc41f2331c83,Scalpel - A small and extremely sharp bladed instrument used for surgery.,Un petit instrument ÃÂÃÂ  lame extrÃÂÃÂªmement tranchante utilisÃÂÃÂ© pour la chirurgie.,46,1,orange,M,WDHDAGE,wdhdage,50,https://www.wish.com/c/5b0386696040cc41f2331c83,Livraison standard,3,0,14,50,1.0,QuantitÃÂÃÂ© limitÃÂÃÂ©e !,CN,summer,8.0,7,EUR,10000,0,0,0,0,0,3.82,2520,1220.0,433.0,365.0,203.0,299.0,"82 % avis positifs (8,821 notes)",8821,3.87,5aa1f31308a2240a052e9a1a,0,
https://i.postimg.cc/JzjKr9WX/37-Forceps-a-handheld-hinged-instrument-used-for-grasping-and-holding-objects-during-medical-proce.png,5e4267d60640954a435e64f5,5e4267d60640954a435e64f5,"Forceps - A handheld, hinged instrument used for grasping and holding objects.",Un instrument ÃÂÃÂ  main articulÃÂÃÂ© utilisÃÂÃÂ© pour saisir et tenir des objets.,49,1,armygreen,S,chooop,chooop,50,https://www.wish.com/c/5e4267d60640954a435e64f5,Livraison standard,2,0,31,50,1.0,QuantitÃÂÃÂ© limitÃÂÃÂ©e !,CN,summer,7.0,6,EUR,100,0,0,0,0,0,4.26,53,30.0,14.0,5.0,1.0,3.0,"81 % avis positifs (2,055 notes)",2055,3.84,5d462e58f320403871a78593,1,https://s3-us-west-1.amazonaws.com/sweeper-production-merchantimage/dp_5d462e58f320403871a78593.jpg
https://i.postimg.cc/vmMhc3QN/38-Surgical-Scissors-specialized-scissors-used-in-surgical-procedures-The-image-should-display-a-p.png,5ebf5819ebac372b070b0e70,5ebf5819ebac372b070b0e70,Surgical Scissors - Used for cutting tissues during surgery.,UtilisÃÂÃÂ©s pour couper les tissus pendant la chirurgie.,5,1,yellow,S,youngpeopleshop,happyhorses,1,https://www.wish.com/c/5ebf5819ebac372b070b0e70,Livraison standard,1,0,35,50,1.0,QuantitÃÂÃÂ© limitÃÂÃÂ©e !,CN,summer,2.72,3,EUR,100,1,0,0,0,0,3.1,20,6.0,4.0,2.0,2.0,6.0,"85 % avis positifs (14,482 notes)",14482,4.0,5ab3b592c3911a095ad5dadb,0,
https://i.postimg.cc/cJmmYwC4/39-A-Needle-Holder-a-surgical-instrument-used-by-doctors-to-hold-a-suturing-needle-for-closing-woun.png,5ec773b5967eb036b2c2e668,5ec773b5967eb036b2c2e668,Needle Holder - A surgical instrument used to hold a suturing needle for closing wounds.,Un instrument chirurgical utilisÃÂÃÂ© pour tenir une aiguille de suture pour fermer des plaies.,52,1,armygreen,S,hufscfshkuhjdfs,hufscfshkuhjdfs,45,https://www.wish.com/c/5ec773b5967eb036b2c2e668,Livraison standard,1,0,31,50,1.0,QuantitÃÂÃÂ© limitÃÂÃÂ©e !,CN,summer,5.77,5,EUR,100,1,0,0,0,0,4.0,4,1.0,2.0,1.0,0.0,0.0,"(8,996 notes)",8996,3.92,5b348167af6b3122dba38825,0,
https://i.postimg.cc/mDgSSk13/40-Suture-Material-commonly-used-in-surgery-for-closing-wounds-The-image-should-show-various-types.png,5cc67417a01bbd6b6c066df2,5cc67417a01bbd6b6c066df2,Suture Material - Used for stitching wounds together.,UtilisÃÂÃÂ© pour coudre les plaies.,55,1,pink,M,realmhome,ssshowsmart,1,https://www.wish.com/c/5cc67417a01bbd6b6c066df2,Livraison standard,2,0,48,50,,,CN,summer,8.0,7,EUR,10000,1,0,0,0,0,3.7,1404,593.0,278.0,232.0,124.0,177.0,"84 % avis positifs (4,178 notes)",4178,3.94,5c73a50ba0e25714e7f2bf90,0,
https://i.postimg.cc/MT3m3w1C/41-Hemostat-a-surgical-tool-used-to-control-bleeding-by-clamping-blood-vessels-The-image-should-sh.png,5d0b4268d5c8e1784b6e23b4,5d0b4268d5c8e1784b6e23b4,Hemostat - A surgical tool used to control bleeding.,Un outil chirurgical utilisÃÂÃÂ© pour contrÃÂÃÂ´ler les saignements.,56,1,black & green,S,jiayun shop,jiayunshop,50,https://www.wish.com/c/5d0b4268d5c8e1784b6e23b4,Livraison standard,3,0,13,50,,,CN,summer,12.0,11,EUR,1000,0,0,0,0,0,3.81,341,163.0,63.0,48.0,21.0,46.0,"87 % avis positifs (2,248 notes)",2248,4.15,58259c456ebae74739ecfdc8,0,
https://i.postimg.cc/WpK7M2Nr/42-Retractor-a-surgical-instrument-used-to-separate-the-edges-of-a-surgical-incision-or-wound-or-t.png,5d78eb19cc404c03393c83b5,5d78eb19cc404c03393c83b5,Retractor - A surgical instrument used to separate the edges of a surgical incision or wound.,Un instrument chirurgical utilisÃÂÃÂ© pour sÃÂÃÂ©parer les bords d'une incision chirurgicale ou d'une plaie.,58,1,pink,S,MSyongan,supersupermarket,50,https://www.wish.com/c/5d78eb19cc404c03393c83b5,Livraison standard,2,0,43,50,,,CN,summer,8.0,51,EUR,100,0,1,0,1,0,4.29,31,19.0,5.0,5.0,1.0,1.0,"81 % avis positifs (5,846 notes)",5846,3.83,5a792e56a71fbf471cf1fc99,0,
https://i.postimg.cc/gjwqf7Dn/43-A-Surgical-Gown-a-personal-protective-garment-intended-to-be-worn-by-health-care-personnel-durin.png,544b079d1280fa28eee9b380,544b079d1280fa28eee9b380,Surgical Gown - A personal protective garment worn by health care personnel during surgical procedures.,Un vÃÂÃÂªtement de protection individuelle portÃÂÃÂ© par le personnel de santÃÂÃÂ© pendant les procÃÂÃÂ©dures chirurgicales.,59,1,black,XS,trendy_world,shanghailalanginternationaltradecoltd,50,https://www.wish.com/c/544b079d1280fa28eee9b380,Livraison standard,2,0,46,50,,,CN,summer,5.77,48,EUR,100000,0,0,0,0,0,4.1,20744,11184.0,4152.0,2919.0,1174.0,1315.0,"86 % avis positifs (330,405 notes)",330405,4.07,53f2beb39020ee03566d6e18,1,https://s3-us-west-1.amazonaws.com/sweeper-production-merchantimage/dp_53f2beb39020ee03566d6e18.jpg
https://i.postimg.cc/3NPC7ZS9/44-Surgical-Gloves-sterile-gloves-worn-by-surgeons-during-surgical-procedures-The-gloves-should-be.png,5c63a337d5e2ce4bbb3152cf,5c63a337d5e2ce4bbb3152cf,Surgical Gloves - Used to maintain a sterile environment during surgical procedures.,UtilisÃÂÃÂ©s pour maintenir un environnement stÃÂÃÂ©rile pendant les procÃÂÃÂ©dures chirurgicales.,6,1,white,XS,Unique Li Fashion Shop,uniquelifashionshopbb657bfe91d211e598c7063a14dc88b5,50,https://www.wish.com/c/5c63a337d5e2ce4bbb3152cf,Livraison standard,2,0,31,50,,,CN,summer,7.0,6,EUR,50000,0,0,0,0,0,3.84,6742,3172.0,1352.0,971.0,490.0,757.0,"86 % avis positifs (10,194 notes)",10194,4.08,5652f4053a698c76dc9a3f37,1,https://s3-us-west-1.amazonaws.com/sweeper-production-merchantimage/dp_5652f4053a698c76dc9a3f37.jpg
https://i.postimg.cc/CLqs7W52/45-A-Surgical-Mask-a-piece-of-personal-protective-equipment-worn-by-health-professionals-during-sur.png,5ebe0ead593b960eb1c82d0b,5ebe0ead593b960eb1c82d0b,Surgical Mask - Worn by healthcare professionals to prevent contamination.,PortÃÂÃÂ© par les professionnels de santÃÂÃÂ© pour ÃÂÃÂ©viter la contamination.,60,1,fluorescentgreen,XS,guangzhouweishiweifushiyouxiangongsi,ÃÂ¥ÃÂ¹ÃÂ¿ÃÂ¥ÃÂ·ÃÂÃÂ¥ÃÂÃÂ¯ÃÂ©ÃÂÃÂÃÂ¥ÃÂÃÂ¯ÃÂ¦ÃÂÃÂÃÂ©ÃÂ¥ÃÂ°ÃÂ¦ÃÂÃÂÃÂ©ÃÂÃÂÃÂ¥ÃÂÃÂ¬ÃÂ¥ÃÂÃÂ¸,10,https://www.wish.com/c/5ebe0ead593b960eb1c82d0b,Livraison standard,1,0,48,50,,,CN,summer,1.72,2,EUR,100,1,0,0,0,0,3.77,30,15.0,3.0,5.0,4.0,3.0,"83 % avis positifs (32,168 notes)",32168,3.88,558c2cdc89d53c4005ea2920,0,
https://i.postimg.cc/VkPBVDbk/46-A-Surgical-Cap-a-head-covering-worn-by-surgeons-and-other-operating-room-staff-to-maintain-steri.png,5b1f9afe694fab75ca9fa8ea,5b1f9afe694fab75ca9fa8ea,Surgical Cap - Worn to keep the surgical area free from contamination.,PortÃÂÃÂ© pour garder la zone chirurgicale exempte de contamination.,67,1,black,S,Jingka,jingka,50,https://www.wish.com/c/5b1f9afe694fab75ca9fa8ea,Livraison standard,3,0,23,50,,,CN,summer,11.0,10,EUR,5000,0,0,0,0,0,3.96,1556,743.0,338.0,258.0,110.0,107.0,"(4,610 notes)",4610,4.25,5ac0310597223354603de223,0,
https://i.postimg.cc/K87rSBnr/47-Surgical-Drapes-sterile-fabrics-used-to-maintain-the-sterile-field-during-surgical-procedures-T.png,5e6f1fb7fe4a5bb4b8bf36e5,5e6f1fb7fe4a5bb4b8bf36e5,Surgical Drapes - Used to provide a sterile field during surgical procedures.,UtilisÃÂÃÂ©s pour fournir un champ stÃÂÃÂ©rile pendant les procÃÂÃÂ©dures chirurgicales.,7,1,black,M,chenxiangjunjun,chenxiangjunjun,50,https://www.wish.com/c/5e6f1fb7fe4a5bb4b8bf36e5,Livraison standard,2,0,36,50,1.0,QuantitÃÂÃÂ© limitÃÂÃÂ©e !,CN,summer,11.0,84,EUR,100,1,0,0,0,0,3.47,15,6.0,2.0,3.0,1.0,3.0,82 % avis positifs (330 notes),330,3.8,5d42980e8388970d32294ddc,0,
https://i.postimg.cc/R0M1Mhdr/48-Surgical-Swabs-small-sterile-pieces-of-material-used-for-cleaning-or-absorbing-blood-and-other-f.png,5eb8a1d594d1e31702a4ef7c,5eb8a1d594d1e31702a4ef7c,Surgical Swabs - Used to absorb blood and other fluids during surgery.,UtilisÃÂÃÂ©s pour absorber le sang et d'autres fluides pendant la chirurgie.,71,1,pink,XS,eirufjl,eirufjl,20,https://www.wish.com/c/5eb8a1d594d1e31702a4ef7c,Livraison standard,3,0,32,50,,,CN,summer,12.0,67,EUR,10,0,0,0,0,0,3.67,3,2.0,0.0,0.0,0.0,1.0,84 % avis positifs (238 notes),238,4.01,5d53751b40defd6833e480ad,0,
https://i.postimg.cc/ZqV80msW/49-A-Surgical-Stapler-a-medical-device-used-to-close-skin-wounds-connect-or-remove-parts-of-the-bo.png,5ec118ec7b4679d720f8de1d,5ec118ec7b4679d720f8de1d,"Surgical Stapler - A device used to close skin wounds, connect or remove parts of the bowels or lungs.","Un dispositif utilisÃÂÃÂ© pour fermer les plaies cutanÃÂÃÂ©es, connecter ou enlever des parties des intestins ou des poumons.",72,1,purple,,langsengy,langsengy,50,https://www.wish.com/c/5ec118ec7b4679d720f8de1d,Livraison standard,2,0,109,50,,,CN,summer,5.68,5,EUR,10,0,0,0,0,0,4.5,2,1.0,1.0,0.0,0.0,0.0,97 % avis positifs (160 notes),160,4.51,5db248327c0d0800c24fc084,1,https://s3-us-west-1.amazonaws.com/sweeper-production-merchantimage/dp_5db248327c0d0800c24fc084.jpg
https://i.postimg.cc/ydxFZG2v/50-An-Electrosurgical-Unit-a-device-used-in-surgery-to-cut-coagulate-or-otherwise-alter-tissue-o.png,5e3fa5ca9c4021248d4e1c37,5e3fa5ca9c4021248d4e1c37,Electrosurgical Unit - Used for cutting and coagulating during surgical procedures.,UtilisÃÂÃÂ©e pour couper et coaguler pendant les procÃÂÃÂ©dures chirurgicales.,74,1,purple,S,tingshen,tingshen,9,https://www.wish.com/c/5e3fa5ca9c4021248d4e1c37,Livraison standard,2,0,40,50,,,CN,summer,7.0,43,EUR,100,0,0,0,0,0,3.71,21,10.0,5.0,0.0,2.0,4.0,"82 % avis positifs (9,078 notes)",9078,3.88,58ff26fc42fc6a113afae083,0,
https://i.postimg.cc/tgxcd0K9/51-CVS-Health-Loratadine-jpeg.png,5ce74be097a9f1764b0df1f3,5ce74be097a9f1764b0df1f3,"Claritin is a non-drowsy antihistamine used to relieve symptoms of allergy, such as runny nose, sneezing, and itchy eyes.","Claritin est un antihistaminique non somnolent utilisÃÂÃÂ© pour soulager les symptÃÂÃÂ´mes d'allergie, tels que le nez qui coule, les ÃÂÃÂ©ternuements et les yeux qui dÃÂÃÂ©mangent.",79,1,white,XS,wonderful1688,wonderful1688,6,https://www.wish.com/c/5ce74be097a9f1764b0df1f3,Livraison standard,1,0,30,50,,,CN,summer,5.86,5,EUR,1000,0,0,0,0,0,3.73,150,71.0,23.0,23.0,11.0,22.0,"86 % avis positifs (9,308 notes)",9308,3.99,545dab9f5f313f1e28cb1a2f,0,
https://i.postimg.cc/MZDFmmFf/52-Zyrtec-Cetirizine-jpeg.png,5ccfaf238a8d535cec2dfb47,5ccfaf238a8d535cec2dfb47,"Zyrtec effectively treats allergic symptoms such as itching, runny nose, and watery eyes, and is known for its fast action.","Zyrtec traite efficacement les symptÃÂÃÂ´mes allergiques tels que les dÃÂÃÂ©mangeaisons, le nez qui coule et les yeux larmoyants, et est connu pour son action rapide.",8,1,beige,S,Luowei clothe,luoweiclothe,50,https://www.wish.com/c/5ccfaf238a8d535cec2dfb47,Livraison standard,2,0,33,50,,,CN,summer,5.78,22,EUR,5000,0,0,0,0,0,3.6,687,287.0,128.0,92.0,68.0,112.0,"85 % avis positifs (5,534 notes)",5534,4.0,5ba2251b4315d12ebce873fa,0,
https://i.postimg.cc/j5YFZgTP/53-Curist-Fexofenadine-png.png,5cf632d1c0baab5b15e71437,5cf632d1c0baab5b15e71437,"Allegra provides relief from seasonal allergy symptoms including sneezing, runny nose, itchy eyes, and hives.","Allegra soulage les symptÃÂÃÂ´mes d'allergie saisonniÃÂÃÂ¨re, y compris les ÃÂÃÂ©ternuements, le nez qui coule, les yeux qui dÃÂÃÂ©mangent et l'urticaire.",80,1,green,S,Suyi Technology,greatexpectationstechnology,1,https://www.wish.com/c/5cf632d1c0baab5b15e71437,Livraison standard,1,0,23,50,,,CN,summer,2.0,2,EUR,10000,1,0,0,0,0,3.99,980,520.0,180.0,120.0,67.0,93.0,"86 % avis positifs (12,309 notes)",12309,4.05,5acaf29d5ebcfd72403106a8,1,https://s3-us-west-1.amazonaws.com/sweeper-production-merchantimage/dp_5acaf29d5ebcfd72403106a8.jpg
https://i.postimg.cc/QtgnPQNP/54-Benadryl-Diphenhydramine-jpeg.png,5d2432e4e991b724c8327597,5d2432e4e991b724c8327597,"Benadryl is an antihistamine that can treat allergy symptoms such as hives, itching, and swelling, but may cause drowsiness.","Benadryl est un antihistaminique qui peut traiter les symptÃÂÃÂ´mes d'allergie tels que l'urticaire, les dÃÂÃÂ©mangeaisons et les gonflements, mais peut provoquer de la somnolence.",81,1,pink,XS,eeeeffff889966,eeeeffff889966,6,https://www.wish.com/c/5d2432e4e991b724c8327597,Livraison standard,3,0,43,50,1.0,QuantitÃÂÃÂ© limitÃÂÃÂ©e !,CN,summer,13.0,17,EUR,5000,0,0,0,0,0,4.11,792,450.0,150.0,88.0,35.0,69.0,"(4,571 notes)",4571,3.91,5b96067f42ebca48f6c041e8,0,
https://i.postimg.cc/XqVD0rpv/55-Nasacort-Triamcinolone-jpeg.png,5e7482a975c1d92dea899a18,5e7482a975c1d92dea899a18,"Nasacort is a nasal spray used to treat allergy symptoms like nasal congestion, sneezing, and itchy nose.","Nasacort est un spray nasal utilisÃÂÃÂ© pour traiter les symptÃÂÃÂ´mes d'allergie tels que la congestion nasale, les ÃÂÃÂ©ternuements et le nez qui dÃÂÃÂ©mange.",82,1,grey,EU 35,Chentuyi Store,chentuyistore,5,https://www.wish.com/c/5e7482a975c1d92dea899a18,Livraison standard,3,0,35,50,,,CN,summer,11.0,10,EUR,1000,1,0,0,0,0,3.78,299,120.0,73.0,55.0,22.0,29.0,(433 notes),433,3.9,5dde67d7801ecf6d4c385348,0,
